g_start	g_end	r_start	r_end	cnv	chr
317770	471337	9009	860859	del	1
521413	706368	9009	860859	del	1
2586186	2615507	2541539	3301297	del	1
3215213	3217688	2541539	3301297	del	1
4123545	4127968	3809806	5921915	del	1
4391806	4393668	3809806	5921915	del	1
7569617	7572326	6741735	7720712	del	1
35095652	35118031	34331297	35221185	del	1
56831074	56835229	55625570	57156098	del	1
58743788	58744937	57538481	60287226	del	1
60048626	60050621	57538481	60287226	del	1
60106117	60107324	57538481	60287226	del	1
62082781	62083828	60521461	62228165	del	1
63705268	63708318	63129066	63861797	del	1
64943617	64958061	64126062	65094028	del	1
72749848	72822836	70905835	75035960	del	1
78648945	78654500	78578500	82402319	del	1
80220972	80223381	78578500	82402319	del	1
81404758	81410948	78578500	82402319	del	1
83125977	83127601	82457375	84944859	del	1
83802380	83979035	82457375	84944859	del	1
84516210	84525538	82457375	84944859	del	1
108402103	108405520	104123019	109143033	del	1
108731785	108739010	104123019	109143033	del	1
108778234	108855360	104123019	109143033	del	1
108913131	109014438	104123019	109143033	del	1
112690199	112709285	112330218	112990877	del	1
112834883	112838080	112330218	112990877	del	1
117880480	117882023	117715598	118412293	del	1
121152812	121482967	120548428	144614469	del	1
142535466	142544951	120548428	144614469	del	1
143924701	144094733	120548428	144614469	del	1
144336555	144401216	120548428	144614469	del	1
169004137	169005382	168283115	169256086	del	1
169216099	169242132	168283115	169256086	del	1
180747033	180755550	180244064	180756575	del	1
187463570	187467404	186419233	196641444	del	1
187713440	187728235	186419233	196641444	del	1
189704477	189830237	186419233	196641444	del	1
191716715	191726783	186419233	196641444	del	1
194450274	194454891	186419233	196641444	del	1
196679455	196835498	197412215	198665466	del	1
196856338	196925368	197412215	198665466	del	1
197500509	197503271	197412215	198665466	del	1
198773657	198775371	198725527	200375174	del	1
199438727	199440233	198725527	200375174	del	1
199562787	199566762	198725527	200375174	del	1
210077993	210086136	210025816	211444232	del	1
210722199	210725138	210025816	211444232	del	1
222372794	222383355	220491271	222695472	del	1
229808051	229823024	229795566	230794563	del	1
233962115	233963580	232651419	234444209	del	1
234317799	234319837	232651419	234444209	del	1
234907011	234958266	234609375	235275039	del	1
243126945	243129492	242053812	246671424	del	1
243782420	243784185	242053812	246671424	del	1
246138225	246140393	242053812	246671424	del	1
					
4210445	4224019	3750747	8869860	del	2
4781292	4787356	3750747	8869860	del	2
6400091	6402153	3750747	8869860	del	2
18905962	18907368	17963946	20096075	del	2
19767360	19770943	17963946	20096075	del	2
38955066	38972971	39584545	43754710	del	2
41972753	41976934	39584545	43754710	del	2
42345974	42348046	39584545	43754710	del	2
51926337	51928442	48960912	53920866	del	2
52737183	52792828	48960912	53920866	del	2
53557651	53560269	48960912	53920866	del	2
54564876	54568141	54177123	54825770	del	2
56652866	56655700	55921866	60960899	del	2
59623001	59631081	55921866	60960899	del	2
76526499	76528893	75119044	85508422	del	2
76772898	76776225	75119044	85508422	del	2
77975296	77994364	75119044	85508422	del	2
79075101	79081326	75119044	85508422	del	2
89128107	89214625	88895807	91758666	del	2
89468676	89553913	88895807	91758666	del	2
89976158	90064936	88895807	91758666	del	2
91679897	91685488	88895807	91758666	del	2
97854244	97856156	97757660	98253154	del	2
98136216	98168469	97757660	98253154	del	2
102232412	102233731	101676575	102440337	del	2
109689636	109695742	109548439	111395283	del	2
110686620	110733434	109548439	111395283	del	2
110986609	110991331	109548439	111395283	del	2
111153504	111200040	109548439	111395283	del	2
114120037	114267309	114004891	118571452	del	2
118881347	118882404	118866748	120002882	del	2
123476251	123483899	120932812	127805677	del	2
125766561	125768247	120932812	127805677	del	2
126440606	126453252	120932812	127805677	del	2
126509663	126510675	120932812	127805677	del	2
127674587	127677427	120932812	127805677	del	2
129633203	129647200	128957829	130892761	del	2
130242043	130251956	128957829	130892761	del	2
130793856	130826342	128957829	130892761	del	2
130954666	130958291	131131000	131795663	del	2
131614851	131621849	131131000	131795663	del	2
132491114	132511200	132385253	135616480	del	2
134966701	134970130	136962826	145146000	del	2
146854888	146883893	145188043	152106954	del	2
151029978	151039000	145188043	152106954	del	2
153795667	153799916	152586434	158113955	del	2
154893606	154900325	152586434	158113955	del	2
155810841	155833162	152586434	158113955	del	2
159958682	159962062	158185027	159991831	del	2
167494545	167501455	167305138	168095927	del	2
167545861	167547225	167305138	168095927	del	2
177265170	177272651	175677502	178079901	del	2
180056341	180083500	179743564	182339156	del	2
184085446	184091069	184026843	187486298	del	2
208349672	208360096	207657450	208985776	del	2
208472418	208477720	207657450	208985776	del	2
215727785	215731382	211543332	215796580	del	2
217955842	217957312	217367150	218668449	del	2
229263401	229269011	228892664	230631400	del	2
232684434	232717339	232459227	233193960	del	2
239500070	239501848	239356117	241398156	del	2
241096751	241098662	239356117	241398156	del	2
					 
g_start	g_end	r_start	r_end	cnv	3
4066925	4069555	3217214	4668663	del	3
6649648	6655430	5258253	8976967	del	3
15844787	15846719	15778763	16216199	del	3
18946005	18953294	17085068	25610584	del	3
21723630	21726363	17085068	25610584	del	3
22091563	22098396	17085068	25610584	del	3
25030868	25032300	17085068	25610584	del	3
26432273	26439460	25836811	32482449	del	3
26450818	26452352	25836811	32482449	del	3
32101501	32108265	25836811	32482449	del	3
67493696	67496799	66468402	69025956	del	3
68634501	68642732	66468402	69025956	del	3
68739447	68748037	66468402	69025956	del	3
75567345	75586805	69247178	97595497	del	3
80062894	80064482	69247178	97595497	del	3
80925312	80926604	69247178	97595497	del	3
83853116	83855349	69247178	97595497	del	3
84103902	84107362	69247178	97595497	del	3
89509965	89516006	69247178	97595497	del	3
95465578	95470823	69247178	97595497	del	3
98898659	98903267	98544446	99509409	del	3
98942745	98953761	98544446	99509409	del	3
129730687	129836600	129390261	130278147	del	3
130131184	130133143	129390261	130278147	del	3
131708001	131714630	130749619	132046914	del	3
131988938	131995012	130749619	132046914	del	3
140544403	140547139	139102964	141161019	del	3
146378529	146399647	142567425	148545396	del	3
148280425	148286456	142567425	148545396	del	3
155478166	155498646	154147994	158363204	del	3
156091782	156094476	154147994	158363204	del	3
158349755	158352064	154147994	158363204	del	3
159461335	159463464	158547389	159706546	del	3
162447248	162651027	160287127	164696531	del	3
162715664	162725330	160287127	164696531	del	3
162764633	162769725	160287127	164696531	del	3
176693690	176707930	172547375	178915736	del	3
177293004	177297969	172547375	178915736	del	3
177381155	177385588	172547375	178915736	del	3
178549813	178550942	172547375	178915736	del	3
187732824	187735687	187009823	192972779	del	3
189732606	189749583	187009823	192972779	del	3
191064248	191071834	187009823	192972779	del	3
192874912	192886747	187009823	192972779	del	3
194398663	194400600	194393199	195243047	del	3
					
g_start	g_end	r_start	r_end	cnv	4
4099676	4175577	3527524	4190185	del	4
7496631	7499851	7067060	7713705	del	4
8621101	8641280	8478470	13577563	del	4
9157568	9240374	8478470	13577563	del	4
9324682	9412530	8478470	13577563	del	4
9453202	9486087	8478470	13577563	del	4
10082156	10234566	8478470	13577563	del	4
10196761	10249580	8478470	13577563	del	4
10384104	10406994	8478470	13577563	del	4
15003336	15007025	13617604	17488470	del	4
21160987	21167097	20736716	25004979	del	4
32479000	32482798	25849824	36066029	del	4
34683460	34688754	25849824	36066029	del	4
34764810	34849886	25849824	36066029	del	4
46055991	46058195	49053004	52859806	del	4
46202724	46205855	49053004	52859806	del	4
49092778	49169783	49053004	52859806	del	4
49280405	49338875	49053004	52859806	del	4
49628667	49659914	49053004	52859806	del	4
59944560	59950601	57899842	68372303	del	4
60324149	60330809	57899842	68372303	del	4
61329923	61334195	57899842	68372303	del	4
61938390	61942442	57899842	68372303	del	4
67121896	67123603	57899842	68372303	del	4
80888047	80894091	79860781	83276192	del	4
91596770	91602908	89712623	99959859	del	4
91931527	91936129	89712623	99959859	del	4
92161476	92162724	89712623	99959859	del	4
98353927	98360059	89712623	99959859	del	4
103329414	103332047	100544444	103487383	del	4
107056467	107063670	104118014	110383272	del	4
107604001	107609976	104118014	110383272	del	4
108127809	108131714	104118014	110383272	del	4
108275733	108279918	104118014	110383272	del	4
115175192	115182290	114295181	119606486	del	4
115928592	115931945	114295181	119606486	del	4
116161063	116182592	114295181	119606486	del	4
130065359	130068700	129132003	141299157	del	4
132558697	132899638	129132003	141299157	del	4
133180698	133183544	129132003	141299157	del	4
135432731	135436214	129132003	141299157	del	4
138179838	138194940	129132003	141299157	del	4
139468850	139473239	129132003	141299157	del	4
145315035	145320709	144477333	146016870	del	4
147206279	147208554	146824678	148406257	del	4
161026793	161096470	160280120	166198031	del	4
161878992	161885033	160280120	166198031	del	4
163393179	163397581	160280120	166198031	del	4
164658200	164659204	160280120	166198031	del	4
165202672	165206402	160280120	166198031	del	4
166002557	166005150	160280120	166198031	del	4
167676140	167684134	166419253	169097928	del	4
167892469	167893785	166419253	169097928	del	4
168109009	168115505	166419253	169097928	del	4
168807982	168995297	166419253	169097928	del	4
171276453	171277857	169434265	177016839	del	4
172376514	172379371	169434265	177016839	del	4
172986626	172994798	169434265	177016839	del	4
173423501	173438438	169434265	177016839	del	4
181735100	181741102	177146970	184165981	del	4
181876787	181878288	177146970	184165981	del	4
182160226	182163038	177146970	184165981	del	4
185156367	185172120	184634450	185549363	del	4
					
g_start	g_end	r_start	r_end	cnv	5
1626939	1628900	1502501	6599592	del	5
1967700	1972118	1502501	6599592	del	5
3635532	3639794	1502501	6599592	del	5
10639032	10640182	10465455	13691677	del	5
12810778	12820827	10465455	13691677	del	5
12812798	12826650	10465455	13691677	del	5
13416537	13422907	10465455	13691677	del	5
17484090	17690728	14798784	31293261	del	5
19374432	19377343	14798784	31293261	del	5
21260637	21395986	14798784	31293261	del	5
21449987	21452689	14798784	31293261	del	5
21477499	21488057	14798784	31293261	del	5
22124823	22131588	14798784	31293261	del	5
23902083	23905453	14798784	31293261	del	5
24370528	24373436	14798784	31293261	del	5
26792647	26802819	14798784	31293261	del	5
27524059	27526486	14798784	31293261	del	5
28489738	28495718	14798784	31293261	del	5
28779357	28897933	14798784	31293261	del	5
29420359	29468411	14798784	31293261	del	5
34156482	34268106	34044010	34795760	del	5
42165806	42167868	41204163	43121077	del	5
45004475	45014494	43704661	52157104	del	5
46269809	46278212	43704661	52157104	del	5
57309031	57338357	56235179	64746681	del	5
57679993	57686101	56235179	64746681	del	5
60001088	60004589	56235179	64746681	del	5
63698201	63702341	56235179	64746681	del	5
69238468	69263763	68810742	70751680	del	5
69311485	69426223	68810742	70751680	del	5
69423253	69839408	68810742	70751680	del	5
69829883	70074570	68810742	70751680	del	5
70158964	70310072	68810742	70751680	del	5
70245198	70391933	68810742	70751680	del	5
70529073	70702151	68810742	70751680	del	5
78109176	78111934	76760684	78250171	del	5
81419830	81434524	80668588	82785702	del	5
83947501	83955511	82948866	89780690	del	5
86115022	86119146	82948866	89780690	del	5
86245912	86247184	82948866	89780690	del	5
90499745	90502403	90160070	94726631	del	5
97401157	97402950	96519423	98191092	del	5
98344177	98348228	98241143	102282179	del	5
98839731	98843000	98241143	102282179	del	5
99720682	99732433	98241143	102282179	del	5
103853345	103861711	102531429	110283172	del	5
104424198	104509754	102531429	110283172	del	5
106228066	106234739	102531429	110283172	del	5
106234505	106240055	102531429	110283172	del	5
106324680	106326966	102531429	110283172	del	5
111938702	111945324	110463353	112089977	del	5
117385579	117395999	115362247	118433314	del	5
119377904	119382963	118971853	125800674	del	5
121059079	121060125	118971853	125800674	del	5
127172257	127173310	126887761	127444316	del	5
127335788	127336981	126887761	127444316	del	5
127408045	127410767	126887761	127444316	del	5
135112469	135123055	134368234	136956819	del	5
136849573	136858359	134368234	136956819	del	5
143512867	143515047	141524383	145376230	del	5
144871795	144872859	141524383	145376230	del	5
166402418	166403773	160115956	167616448	del	5
170129659	170131560	169702533	171471299	del	5
177143920	177227553	177059883	177546368	del	5
177227551	177235888	177059883	177546368	del	5
					
g_start	g_end	r_start	r_end	cnv	6
665571	668392	657657	2670667	del	6
675183	677687	657657	2670667	del	6
861815	863775	657657	2670667	del	6
5037173	5039289	657657	2670667	del	6
13882346	13884124	13659646	17506488	del	6
23743223	23746060	18465447	24402377	del	6
26722097	26769456	26639613	27099071	del	6
26842216	26989397	26639613	27099071	del	6
48927101	48944544	47847800	51483431	del	6
53924697	53936807	53388335	56296239	del	6
55823233	55850440	53388335	56296239	del	6
57205801	57340406	57076019	58773714	del	6
57620650	57629289	57076019	58773714	del	6
58243303	58274338	57076019	58773714	del	6
58423501	58429500	57076019	58773714	del	6
64666468	64669418	64424360	70807736	del	6
66259488	66262895	64424360	70807736	del	6
66397288	66407210	64424360	70807736	del	6
66982975	67054961	64424360	70807736	del	6
68282542	68314049	64424360	70807736	del	6
72861801	72874838	71319248	73695621	del	6
74613001	74621000	74534460	75795719	del	6
74831637	74833611	74534460	75795719	del	6
74864770	74867033	74534460	75795719	del	6
77096321	77103692	76752676	79649569	del	6
77429683	77461121	76752676	79649569	del	6
78892808	79053430	76752676	79649569	del	6
79521005	79531657	76752676	79649569	del	6
85318144	85324220	83949866	86176089	del	6
86708740	86714791	86351265	87963875	del	6
87012223	87013632	86351265	87963875	del	6
					
					
g_start	g_end	r_start	r_end	cnv	7
1855970	1863597	1609608	2252249	del	7
2074498	2076266	1609608	2252249	del	7
3610210	3622374	2987985	3989985	del	7
10503276	10507272	7680673	21468446	del	7
12016213	12018681	7680673	21468446	del	7
13021501	13029000	7680673	21468446	del	7
13278045	13281096	7680673	21468446	del	7
16171796	16173975	7680673	21468446	del	7
22434662	22436870	21956935	23163139	del	7
24038109	24040158	23830807	24680655	del	7
26136871	26149099	25268243	26217190	del	7
29687582	29690658	27239212	29914884	del	7
31314652	31320592	31147116	36320283	del	7
31523780	31525289	31147116	36320283	del	7
31590017	31592047	31147116	36320283	del	7
32389555	32393772	31147116	36320283	del	7
32774345	32778247	31147116	36320283	del	7
35230070	35284660	31147116	36320283	del	7
39546164	39552641	38870832	43476432	del	7
39820096	39825207	38870832	43476432	del	7
49719257	49726612	48452404	50443392	del	7
51591210	51599000	50695645	55209153	del	7
56434811	56443297	56373317	66236169	del	7
56761501	56770717	56373317	66236169	del	7
57957487	57959620	56373317	66236169	del	7
61967276	61976744	56373317	66236169	del	7
62002273	62005045	56373317	66236169	del	7
62365180	62833972	56373317	66236169	del	7
64315808	64318058	56373317	66236169	del	7
64583655	64602231	56373317	66236169	del	7
64715972	64722684	56373317	66236169	del	7
64719186	64723875	56373317	66236169	del	7
64958622	65041944	56373317	66236169	del	7
65092426	65162170	56373317	66236169	del	7
65857356	65860617	56373317	66236169	del	7
74472330	74473700	74134060	75043968	del	7
74771942	74774642	74134060	75043968	del	7
74887357	75009736	74134060	75043968	del	7
76635710	76702723	76154078	76824747	del	7
81441075	81442707	77424347	82537454	del	7
83049952	83051230	82596514	86393306	del	7
86234984	86241960	82596514	86393306	del	7
91214111	91220934	90042953	91620528	del	7
93325545	93334504	93117024	94023929	del	7
93416274	93425492	93117024	94023929	del	7
93541607	93542742	93117024	94023929	del	7
96475887	96481994	95226131	97765667	del	7
96542982	96546750	95226131	97765667	del	7
97394371	97407049	95226131	97765667	del	7
100998600	101007033	100962862	101739637	del	7
109440905	109454259	107880773	116338221	del	7
110180252	110192161	107880773	116338221	del	7
113416162	113422207	107880773	116338221	del	7
120290162	120291412	117451334	121607485	del	7
126045086	126052766	123350227	127221093	del	7
127214737	127218162	123350227	127221093	del	7
143209262	143578175	143176033	143631487	del	7
143877544	143930555	143840697	148426277	del	7
144033800	144036536	143840697	148426277	del	7
144036473	144077724	143840697	148426277	del	7
148072501	148076493	143840697	148426277	del	7
149862878	149883330	149590441	150026876	del	7
152281693	152284305	152144993	156742585	del	7
152511400	152546465	152144993	156742585	del	7
153646704	153947907	152144993	156742585	del	7
154153812	154155070	152144993	156742585	del	7
154392156	154404572	152144993	156742585	del	7
155135570	155142990	152144993	156742585	del	7
155946488	155948788	152144993	156742585	del	7
156383237	156395593	152144993	156742585	del	7
157522995	157528933	157179022	158414255	del	7
158111501	158138200	157179022	158414255	del	7
					
					
g_start	g_end	r_start	r_end	cnv	8
2132709	2393726	2093091	10382371	del	8
4122379	4125505	2093091	10382371	del	8
5595207	5608744	2093091	10382371	del	8
6825664	6881304	2093091	10382371	del	8
6990824	6996317	2093091	10382371	del	8
7105017	7158851	2093091	10382371	del	8
7154067	8072303	2093091	10382371	del	8
8385300	8387128	2093091	10382371	del	8
8581660	8589572	2093091	10382371	del	8
9498014	9499786	2093091	10382371	del	8
11985530	12007541	11857846	17052034	del	8
12198776	12242155	11857846	17052034	del	8
12230316	12251515	11857846	17052034	del	8
12389850	12448400	11857846	17052034	del	8
14345479	14347082	11857846	17052034	del	8
18454612	18455944	17947930	21765743	del	8
25066301	25070904	24366342	25153127	del	8
26879078	26881027	25366341	27254226	del	8
32678504	32693208	31079048	37594556	del	8
37050835	37051937	31079048	37594556	del	8
39195825	39398022	38961923	41354312	del	8
39884574	39890854	38961923	41354312	del	8
40773671	40780443	38961923	41354312	del	8
43631221	43636174	43174131	48612563	del	8
46991405	46992654	43174131	48612563	del	8
47405544	47409009	43174131	48612563	del	8
47519781	47545903	43174131	48612563	del	8
58114105	58139696	57081024	59329269	del	8
71583543	71584654	71088017	87385297	del	8
73787766	73793823	71088017	87385297	del	8
75361284	75368316	71088017	87385297	del	8
77337382	77338426	71088017	87385297	del	8
82045016	82046781	71088017	87385297	del	8
85260488	85269938	71088017	87385297	del	8
85434785	85437267	71088017	87385297	del	8
86550204	86576414	71088017	87385297	del	8
86763064	86844119	71088017	87385297	del	8
94070001	94079985	91096005	94737642	del	8
96874633	96880500	95953858	98698599	del	8
97520011	97522028	95953858	98698599	del	8
112294001	112297218	110592482	120428307	del	8
115079296	115080697	110592482	120428307	del	8
118873680	118875924	110592482	120428307	del	8
120153083	120161884	110592482	120428307	del	8
126595122	126601134	126114989	130759628	del	8
127192021	127194752	126114989	130759628	del	8
129465154	129471266	126114989	130759628	del	8
129762482	129766376	126114989	130759628	del	8
131850473	131852863	131201070	133621487	del	8
132277489	132281890	131201070	133621487	del	8
135194240	135196130	134488354	139601461	del	8
137160001	137164294	134488354	139601461	del	8
					
					
g_start	g_end	r_start	r_end	cnv	9
8640797	8642335	8529521	14719704	del	9
15813501	15823667	15746731	18927908	del	9
17908440	17915215	15746731	18927908	del	9
22496045	22504500	21482461	26841814	del	9
23353923	23379000	21482461	26841814	del	9
29091641	29098210	27611584	32405372	del	9
31291025	31292768	27611584	32405372	del	9
33212617	33214325	37888851	71394322	del	9
36362611	36364140	37888851	71394322	del	9
38764947	40619748	37888851	71394322	del	9
41251641	41252641	37888851	71394322	del	9
41600614	41609775	37888851	71394322	del	9
41975232	42008144	37888851	71394322	del	9
43042214	43052362	37888851	71394322	del	9
43127213	43800186	37888851	71394322	del	9
44230749	44252311	37888851	71394322	del	9
44241817	44281492	37888851	71394322	del	9
44991542	45250132	37888851	71394322	del	9
45350204	45726742	37888851	71394322	del	9
46374397	46378938	37888851	71394322	del	9
46905291	46998617	37888851	71394322	del	9
65968427	66059051	37888851	71394322	del	9
66497883	66538935	37888851	71394322	del	9
67516332	67794196	37888851	71394322	del	9
68186051	68188547	37888851	71394322	del	9
68339316	68388436	37888851	71394322	del	9
68753612	68837844	37888851	71394322	del	9
79763087	79778662	79329250	79814734	del	9
80645502	80647711	80049970	84603518	del	9
83967734	83970857	80049970	84603518	del	9
84324349	84326926	80049970	84603518	del	9
90858984	90860963	90805715	91929837	del	9
96499267	96503439	96440344	98208109	del	9
96999227	97356950	96440344	98208109	del	9
104709020	104730823	104450346	107266158	del	9
106568089	106569864	104450346	107266158	del	9
110033442	110035444	109933824	111616504	del	9
110536894	110541215	109933824	111616504	del	9
					
					
g_start	g_end	r_start	r_end	cnv	10
1281299	1282561	1176175	3141137	del	10
1501289	1503411	1176175	3141137	del	10
4289489	4291859	3213210	5004999	del	10
4708321	4711933	3213210	5004999	del	10
6652225	6665468	6557551	7604596	del	10
7076971	7078989	6557551	7604596	del	10
18837285	18863465	17279262	21803781	del	10
19996496	19998415	17279262	21803781	del	10
24376707	24379039	22056034	24761736	del	10
26350474	26352066	24924900	26355328	del	10
26999115	27002303	27703676	29746716	del	10
27222630	27228967	27703676	29746716	del	10
28663433	28665674	27703676	29746716	del	10
29742159	29743177	27703676	29746716	del	10
31244251	31252000	31140109	38107068	del	10
31442435	31444976	31140109	38107068	del	10
32257811	32260825	31140109	38107068	del	10
37437315	37495897	31140109	38107068	del	10
38765774	38818700	38408370	43013970	del	10
38868867	38875947	38408370	43013970	del	10
39072549	39154687	38408370	43013970	del	10
42355001	42383449	38408370	43013970	del	10
42695151	42716914	38408370	43013970	del	10
42787907	42818349	38408370	43013970	del	10
42846383	42929901	38408370	43013970	del	10
46261451	46305352	46283237	50666615	del	10
46287822	47531169	46283237	50666615	del	10
47892511	48055660	46283237	50666615	del	10
48105747	48298893	46283237	50666615	del	10
48739621	48880554	46283237	50666615	del	10
48869182	49095498	46283237	50666615	del	10
49195571	49390721	46283237	50666615	del	10
51211684	51262307	50981931	61801739	del	10
51300882	51397654	50981931	61801739	del	10
51448886	51505737	50981931	61801739	del	10
51600098	51694240	50981931	61801739	del	10
51732219	51777450	50981931	61801739	del	10
53200276	53218886	50981931	61801739	del	10
56445758	56469970	50981931	61801739	del	10
57353778	57357613	50981931	61801739	del	10
59208552	59212442	50981931	61801739	del	10
59256852	59258100	50981931	61801739	del	10
61361680	61365129	50981931	61801739	del	10
65508749	65512339	64982918	69509439	del	10
81458900	81508000	81374293	81651569	del	10
88125263	88127528	86152066	88197108	del	10
88868903	89028067	88836748	90332241	del	10
89142367	89190766	88836748	90332241	del	10
89275542	89276737	88836748	90332241	del	10
100685108	100704597	100250150	101117015	del	10
105053121	105054396	100250150	101117015	del	10
118765878	118769465	118467349	118956837	del	10
122226563	122229529	121693572	123657533	del	10
126194790	126196592	124931807	127408280	del	10
127191656	127197234	124931807	127408280	del	10
132634610	132639204	129924795	133929795	del	10
132840310	132842048	129924795	133929795	del	10
132908468	132914909	129924795	133929795	del	10
132988416	132991298	129924795	133929795	del	10
133655196	133657081	129924795	133929795	del	10
					
					
g_start	g_end	r_start	r_end	cnv	11
10260036	10261367	10065055	10477466	del	11
10292646	10293949	10065055	10477466	del	11
11874836	11876750	10829819	11912900	del	11
22470785	22472850	20700680	26552525	del	11
24347414	24356226	20700680	26552525	del	11
24442960	24452316	20700680	26552525	del	11
29000583	29014627	26743717	32607574	del	11
29139157	29140485	26743717	32607574	del	11
29967345	29968636	26743717	32607574	del	11
31391233	31398057	26743717	32607574	del	11
41818015	41819035	36681645	43339295	del	11
42811366	42820867	36681645	43339295	del	11
45429680	45431800	44298254	45826780	del	11
48600024	48606042	48511463	55031976	del	11
48648256	49000305	48511463	55031976	del	11
49708675	49765406	48511463	55031976	del	11
50262501	50450684	48511463	55031976	del	11
50640111	50641202	48511463	55031976	del	11
51180126	51198295	48511463	55031976	del	11
51335370	51377164	48511463	55031976	del	11
51577662	51581976	48511463	55031976	del	11
51579085	51594097	48511463	55031976	del	11
54694268	54711990	48511463	55031976	del	11
54883902	54892971	48511463	55031976	del	11
54956929	54973121	48511463	55031976	del	11
69982147	69984654	68855787	70118047	del	11
81856098	81863389	78444366	82515432	del	11
88614369	88667783	86220134	92494401	del	11
89676755	89687800	86220134	92494401	del	11
92869805	92875913	92715623	93454360	del	11
95169380	95175431	94926832	95504408	del	11
101565655	101575395	95599504	101761659	del	11
104266596	104274000	103159056	104814709	del	11
122347577	122349280	121501380	122646523	del	11
131938776	131941675	130344214	133992858	del	11
