	cnv	st_bp	ed_bp	chr	length_kb
1	del	9009	860859	1	851.85
2	del	2541539	3301297	1	759.758
3	del	3809806	5921915	1	2112.109
4	del	6741735	7720712	1	978.977
5	del	12955943	14057042	1	1101.099
6	del	14114100	15750734	1	1636.634
7	del	18024006	19165145	1	1141.139
8	del	29652623	31186154	1	1533.531
9	del	34331297	35221185	1	889.888
10	del	36945909	37940902	1	994.993
11	del	38489451	39304264	1	814.813
12	del	42052010	42864821	1	812.811
13	del	47770723	51734682	1	3963.959
14	del	55625570	57156098	1	1530.528
15	del	57538481	60287226	1	2748.745
16	del	60521461	62228165	1	1706.704
17	del	63129066	63861797	1	732.731
18	del	64126062	65094028	1	967.966
19	del	65352287	65829763	1	477.476
20	del	66103037	67091023	1	987.986
21	del	67896829	70477406	1	2580.577
22	del	70905835	75035960	1	4130.125
23	del	75230155	76193116	1	962.961
24	del	76398322	78030952	1	1632.63
25	del	78578500	82402319	1	3823.819
26	del	82457375	84944859	1	2487.484
27	del	87109022	89225135	1	2116.113
28	del	90493403	91358266	1	864.863
29	del	91407316	91778686	1	371.37
30	del	94697603	100132031	1	5434.428
31	del	101491390	103343239	1	1851.849
32	del	103492389	104112007	1	619.618
33	del	104123019	109143033	1	5020.014
34	del	112330218	112990877	1	660.659
35	del	113667554	114123008	1	455.454
36	del	115603488	116925808	1	1322.32
37	del	117715598	118412293	1	696.695
38	del	118658540	119922802	1	1264.262
39	del	120548428	144614469	1	24066.041
40	del	145772627	146493346	1	720.719
41	del	146767621	147082935	1	315.314
42	del	147131985	148872723	1	1740.738
43	del	149106958	149857707	1	750.749
44	del	162829667	166809642	1	3979.975
45	del	168283115	169256086	1	972.971
46	del	170024855	170913742	1	888.887
47	del	171766595	172410237	1	643.642
48	del	172635463	173450276	1	814.813
49	del	173962789	174972797	1	1010.008
50	del	175376201	176524347	1	1148.146
51	del	177030854	178408229	1	1377.375
52	del	180244064	180756575	1	512.511
53	del	181024844	181679497	1	654.653
54	del	181768587	182353170	1	584.583
55	del	183947764	184662477	1	714.713
56	del	185279094	185877691	1	598.597
57	del	186419233	196641444	1	10222.211
58	del	197412215	198665466	1	1253.251
59	del	198725527	200375174	1	1649.647
60	del	208392184	209767557	1	1375.373
61	del	210025816	211444232	1	1418.416
62	del	213437224	214478263	1	1041.039
63	del	214837623	215746530	1	908.907
64	del	216501285	220087867	1	3586.582
65	del	220491271	222695472	1	2204.201
66	del	223287064	223930706	1	643.642
67	del	224052829	224340115	1	287.286
68	del	224620396	226015789	1	1395.393
69	del	227336109	228284055	1	947.946
70	del	228652424	229566336	1	913.912
71	del	229795566	230794563	1	998.997
72	del	231510279	232534301	1	1024.022
73	del	232651419	234444209	1	1792.79
74	del	234609375	235275039	1	665.664
75	del	237061825	237659421	1	597.596
76	del	238054817	241660418	1	3605.601
77	del	242053812	246671424	1	4617.612
79	del	3750747	8869860	2	5119.113
80	del	9029020	9458448	2	429.428
81	del	11965954	15415399	2	3449.445
82	del	15771756	17691673	2	1919.917
83	del	17963946	20096075	2	2132.129
84	del	21266245	23976952	2	2710.707
85	del	29551522	31457425	2	1905.903
86	del	31638607	32339306	2	700.699
87	del	33827794	36667630	2	2839.836
88	del	37600563	38790751	2	1190.188
89	del	39584545	43754710	2	4170.165
90	del	44600556	46573526	2	1972.97
91	del	48067019	48572523	2	505.504
92	del	48960912	53920866	2	4959.954
93	del	54177123	54825770	2	648.647
94	del	55921866	60960899	2	5039.033
95	del	62116054	64069004	2	1952.95
96	del	65562497	68351282	2	2788.785
97	del	71913842	73302228	2	1388.386
98	del	75119044	85508422	2	10389.378
99	del	87132045	88824735	2	1692.69
100	del	88895807	91758666	2	2862.859
101	del	91944853	95480384	2	3535.531
102	del	96080985	96678581	2	597.596
103	del	97757660	98253154	2	495.494
104	del	100211111	101540438	2	1329.327
105	del	101676575	102440337	2	763.762
106	del	103381278	108862753	2	5481.475
107	del	109548439	111395283	2	1846.844
108	del	111432321	112582469	2	1150.148
109	del	114004891	118571452	2	4566.561
110	del	118866748	120002882	2	1136.134
111	del	120932812	127805677	2	6872.865
112	del	128957829	130892761	2	1934.932
113	del	131131000	131795663	2	664.663
114	del	132385253	135616480	2	3231.227
115	del	136962826	145146000	2	8183.174
116	del	145188043	152106954	2	6918.911
117	del	152586434	158113955	2	5527.521
118	del	158185027	159991831	2	1806.804
119	del	161161000	162272109	2	1111.109
120	del	162365203	162803640	2	438.437
121	del	163303140	165945779	2	2642.639
122	del	166247081	166532365	2	285.284
123	del	167305138	168095927	2	790.789
124	del	168115948	169547377	2	1431.429
125	del	172967795	173329155	2	361.36
126	del	174233059	175162987	2	929.928
127	del	175677502	178079901	2	2402.399
128	del	179743564	182339156	2	2595.592
129	del	182794612	183582398	2	787.786
130	del	184026843	187486298	2	3459.455
131	del	187714527	189848658	2	2134.131
132	del	189975786	190312121	2	336.335
133	del	192289097	196544347	2	4255.25
134	del	198572374	201331129	2	2758.755
135	del	204361157	206561354	2	2200.197
136	del	207657450	208985776	2	1328.326
137	del	209359150	210542331	2	1183.181
138	del	211543332	215796580	2	4253.248
139	del	216301085	216903686	2	602.601
140	del	217367150	218668449	2	1301.299
141	del	220507287	227659431	2	7152.144
142	del	228892664	230631400	2	1738.736
143	del	232459227	233193960	2	734.733
144	del	234979745	238232994	2	3253.249
145	del	239356117	241398156	2	2042.039
147	del	3217214	4668663	3	1451.449
148	del	5258253	8976967	3	3718.714
149	del	11422411	12530517	3	1108.106
150	del	15778763	16216199	3	437.436
151	del	16647631	17051033	3	403.402
152	del	17085068	25610584	3	8525.516
153	del	25836811	32482449	3	6645.638
154	del	33654621	36756719	3	3102.098
155	del	39454415	40203162	3	748.747
156	del	40574534	41937895	3	1363.361
157	del	42957915	44395350	3	1437.435
158	del	50685635	51262210	3	576.575
159	del	53922869	56597540	3	2674.671
160	del	58641583	63964900	3	5323.317
161	del	64149085	64524459	3	375.374
162	del	64645581	66427360	3	1781.779
163	del	66468402	69025956	3	2557.554
164	del	69247178	97595497	3	28348.319
165	del	98544446	99509409	3	964.963
166	del	100631531	100944843	3	313.312
167	del	101578477	108069961	3	6491.484
168	del	108823715	111602490	3	2778.775
169	del	114070957	118864745	3	4793.788
170	del	120501381	121096975	3	595.594
171	del	126753627	127292164	3	538.537
172	del	129390261	130278147	3	887.886
173	del	130749619	132046914	3	1297.295
174	del	132441309	133097964	3	656.655
175	del	134347213	135719583	3	1372.37
176	del	136088953	137741603	3	1652.65
177	del	138478340	139061922	3	583.582
178	del	139102964	141161019	3	2058.055
179	del	142567425	148545396	3	5977.971
180	del	149261112	150873722	3	1612.61
181	del	151177026	153969815	3	2792.789
182	del	154147994	158363204	3	4215.21
183	del	158547389	159706546	3	1159.157
184	del	160287127	164696531	3	4409.404
185	del	164908744	169482312	3	4573.568
186	del	170221051	171963791	3	1742.74
187	del	172547375	178915736	3	6368.361
188	del	179606427	182537354	3	2930.927
189	del	187009823	192972779	3	5962.956
190	del	193385192	194060866	3	675.674
191	del	194393199	195243047	3	849.848
192	del	3527524	4190185	4	662.661
193	del	4461457	5563557	4	1102.1
194	del	7067060	7713705	4	646.645
195	del	8478470	13577563	4	5099.093
196	del	13617604	17488470	4	3870.866
197	del	17847830	20481460	4	2633.63
198	del	20736716	25004979	4	4268.263
199	del	25849824	36066029	4	10216.205
200	del	36232196	37589551	4	1357.355
201	del	38139101	38681642	4	542.541
202	del	40441401	47404356	4	6962.955
203	del	49053004	52859806	4	3806.802
204	del	52961909	55945889	4	2983.98
205	del	56346290	56723666	4	377.376
206	del	57899842	68372303	4	10472.461
207	del	70362292	71019948	4	657.656
208	del	71702631	73922848	4	2220.217
209	del	74478404	76407330	4	1928.926
210	del	78088010	79101021	4	1013.011
211	del	79860781	83276192	4	3415.411
212	del	84526442	85524438	4	997.996
213	del	85782697	87609521	4	1826.824
214	del	89712623	99959859	4	10247.236
215	del	100544444	103487383	4	2942.939
216	del	104118014	110383272	4	6265.258
217	del	110932822	113277163	4	2344.341
218	del	113575462	114153038	4	577.576
219	del	114295181	119606486	4	5311.305
220	del	120316196	122589466	4	2273.27
221	del	123378255	126237110	4	2858.855
222	del	126413287	128553424	4	2140.137
223	del	129132003	141299157	4	12167.154
224	del	141608467	144336191	4	2727.724
225	del	144477333	146016870	4	1539.537
226	del	146824678	148406257	4	1581.579
227	del	148605457	151725573	4	3120.116
228	del	152096945	153690536	4	1593.591
229	del	154710556	155154999	4	444.443
230	del	155534379	156617460	4	1083.081
231	del	156864708	159493333	4	2628.625
232	del	159791632	160225064	4	433.432
233	del	160280120	166198031	4	5917.911
234	del	166419253	169097928	4	2678.675
235	del	169434265	177016839	4	7582.574
236	del	177146970	184165981	4	7019.011
237	del	184634450	185549363	4	914.913
238	del	186584398	186996809	4	412.411
240	del	1502501	6599592	5	5097.091
241	del	6755749	7690682	5	934.933
242	del	7900893	10227216	5	2326.323
243	del	10465455	13691677	5	3226.222
244	del	14798784	31293261	5	16494.477
245	del	32420388	33440406	5	1020.018
246	del	34044010	34795760	5	751.75
247	del	35090055	35640604	5	550.549
248	del	36272236	36952915	5	680.679
249	del	37397360	38403364	5	1006.004
250	del	38531493	38868829	5	337.336
251	del	39395356	40680639	5	1285.283
252	del	41204163	43121077	5	1916.914
253	del	43704661	52157104	5	8452.443
254	del	52405353	54274219	5	1868.866
255	del	55490435	56152095	5	661.66
256	del	56235179	64746681	5	8511.502
257	del	65475410	66395328	5	919.918
258	del	66493427	68396327	5	1902.9
259	del	68810742	70751680	5	1940.938
260	del	70952882	71479407	5	526.525
261	del	71757686	72794721	5	1037.035
262	del	72876804	73929855	5	1053.051
263	del	74326252	74637562	5	311.31
264	del	74894820	75857781	5	962.961
265	del	76760684	78250171	5	1489.487
266	del	80668588	82785702	5	2117.114
267	del	82948866	89780690	5	6831.824
268	del	90160070	94726631	5	4566.561
269	del	95256161	96057961	5	801.8
270	del	96519423	98191092	5	1671.669
271	del	98241143	102282179	5	4041.036
272	del	102531429	110283172	5	7751.743
273	del	110463353	112089977	5	1626.624
274	del	112929817	114461346	5	1531.529
275	del	115362247	118433314	5	3071.067
276	del	118971853	125800674	5	6828.821
277	del	125972847	126731604	5	758.757
278	del	126887761	127444316	5	556.555
279	del	127745618	130762631	5	3017.013
280	del	132569437	133292158	5	722.721
281	del	134368234	136956819	5	2588.585
282	del	141524383	145376230	5	3851.847
283	del	146087942	147443295	5	1355.353
284	del	147846699	148384235	5	537.536
285	del	151240089	153372218	5	2132.129
286	del	154397243	156346189	5	1948.946
287	del	157244087	159655495	5	2411.408
288	del	160115956	167616448	5	7500.492
289	del	168251083	169014845	5	763.762
290	del	169702533	171471299	5	1768.766
291	del	172591419	175716540	5	3125.121
292	del	177059883	177546368	5	486.485
294	del	657657	2670667	6	2013.01
295	del	3299296	4031026	6	731.73
296	del	4136132	7181173	6	3045.041
297	del	7606599	10398387	6	2791.788
298	del	11234223	12119106	6	884.883
299	del	12166154	13160146	6	993.992
300	del	13659646	17506488	6	3846.842
301	del	18465447	24402377	6	5936.93
302	del	24876852	25449423	6	572.571
303	del	26639613	27099071	6	459.458
304	del	28555527	28870841	6	315.314
305	del	37632595	38544505	6	911.91
306	del	39331292	40995954	6	1664.662
307	del	44415371	46592545	6	2177.174
308	del	46996950	47541493	6	544.543
309	del	47847800	51483431	6	3635.631
310	del	53388335	56296239	6	2907.904
311	del	57076019	58773714	6	1697.695
312	del	58779721	64389324	6	5609.603
313	del	64424360	70807736	6	6383.376
314	del	71319248	73695621	6	2376.373
315	del	74534460	75795719	6	1261.259
316	del	76752676	79649569	6	2896.893
317	del	79788709	80714633	6	925.924
318	del	80780700	83727643	6	2946.943
319	del	83949866	86176089	6	2226.223
320	del	86351265	87963875	6	1612.61
321	del	88392304	89768678	6	1376.374
322	del	90662572	99728628	6	9066.056
323	del	100010911	106966859	6	6955.948
324	del	107114007	109689579	6	2575.572
325	del	112538426	116263146	6	3724.72
326	del	117253136	117586468	6	333.332
327	del	117900783	119221101	6	1320.318
328	del	119347228	126071945	6	6724.717
329	del	126343217	129464334	6	3121.117
330	del	129963834	131179047	6	1215.213
331	del	131278147	131893761	6	615.614
332	del	132272140	132781648	6	509.508
333	del	133139006	135218082	6	2079.076
334	del	135789654	136468331	6	678.677
335	del	137528391	139093954	6	1565.563
336	del	139270131	143073930	6	3803.799
337	del	143096954	143653509	6	556.555
338	del	144185041	144742597	6	557.556
339	del	145173028	146120974	6	947.946
340	del	146277131	149698548	6	3421.417
341	del	150388238	151106955	6	718.717
342	del	151939788	152415262	6	475.474
343	del	152861709	155107952	6	2246.243
344	del	155777622	157469311	6	1691.689
345	del	157745588	158288129	6	542.541
346	del	159689530	160102942	6	413.412
347	del	161588427	167342174	6	5753.747
348	del	168480312	170032862	6	1552.55
350	del	1609608	2252249	7	642.641
351	del	2987985	3989985	7	1002
352	del	4286282	4779774	7	493.492
353	del	6864858	7397389	7	532.531
354	del	7680673	21468446	7	13787.773
355	del	21956935	23163139	7	1206.204
356	del	23830807	24680655	7	849.848
357	del	25268243	26217190	7	948.947
358	del	26252226	27133105	7	880.879
359	del	27239212	29914884	7	2675.672
360	del	31147116	36320283	7	5173.167
361	del	36492456	38246207	7	1753.751
362	del	38870832	43476432	7	4605.6
363	del	45149104	47831783	7	2682.679
364	del	48452404	50443392	7	1990.988
365	del	50695645	55209153	7	4513.508
366	del	56373317	66236169	7	9862.852
367	del	66490424	72267194	7	5776.77
368	del	72421349	72656583	7	235.234
369	del	74134060	75043968	7	909.908
370	del	76154078	76824747	7	670.669
371	del	77424347	82537454	7	5113.107
372	del	82596514	86393306	7	3796.792
373	del	87913826	89788698	7	1874.872
374	del	90042953	91620528	7	1577.575
375	del	92165073	92729636	7	564.563
376	del	93117024	94023929	7	906.905
377	del	94294200	94875780	7	581.58
378	del	95226131	97765667	7	2539.536
379	del	97949852	98445346	7	495.494
380	del	100962862	101739637	7	776.775
381	del	102117015	102453350	7	336.335
382	del	103342239	104701596	7	1359.357
383	del	105224119	106507400	7	1283.281
384	del	107880773	116338221	7	8457.448
385	del	117451334	121607485	7	4156.151
386	del	121774653	123091968	7	1317.315
387	del	123350227	127221093	7	3870.866
388	del	130370240	131813681	7	1443.441
389	del	131913782	134812677	7	2898.895
390	del	135434299	138188049	7	2753.75
391	del	140535395	141292150	7	756.755
392	del	143176033	143631487	7	455.454
393	del	143840697	148426277	7	4585.58
394	del	149590441	150026876	7	436.435
395	del	152144993	156742585	7	4597.592
396	del	157179022	158414255	7	1235.233
398	del	2093091	10382371	8	8289.28
399	del	10481471	11152140	8	670.669
400	del	11857846	17052034	8	5194.188
401	del	17947930	21765743	8	3817.813
402	del	23308285	24151126	8	842.841
403	del	24366342	25153127	8	786.785
404	del	25366341	27254226	8	1887.885
405	del	29049020	30401370	8	1352.35
406	del	31079048	37594556	8	6515.508
407	del	38961923	41354312	8	2392.389
408	del	43174131	48612563	8	5438.432
409	del	48889841	55532476	8	6642.635
410	del	55543488	56662605	8	1119.117
411	del	57081024	59329269	8	2248.245
412	del	59556497	61653591	8	2097.094
413	del	61852791	67341273	8	5488.482
414	del	68215147	68929860	8	714.713
415	del	69058990	70475404	8	1416.414
416	del	71088017	87385297	8	16297.28
417	del	87683596	90920829	8	3237.233
418	del	91096005	94737642	8	3641.637
419	del	95953858	98698599	8	2744.741
420	del	99235136	100479378	8	1244.242
421	del	101734633	103220116	8	1485.483
422	del	104455351	105360254	8	904.903
423	del	105521416	110254143	8	4732.727
424	del	110592482	120428307	8	9835.825
425	del	121561440	123962838	8	2401.398
426	del	126114989	130759628	8	4644.639
427	del	131201070	133621487	8	2420.417
428	del	134488354	139601461	8	5113.107
429	del	139856717	141523381	8	1666.664
430	del	142507365	143821677	8	1314.312
431	del	145163018	145532386	8	369.368
432	del	745745	2032029	9	1286.284
433	del	2193191	2634631	9	441.44
434	del	2876874	4543538	9	1666.664
435	del	6849843	8317308	9	1467.465
436	del	8529521	14719704	9	6190.183
437	del	15746731	18927908	9	3181.177
438	del	19521502	20714693	9	1193.191
439	del	21482461	26841814	9	5359.353
440	del	27611584	32405372	9	4793.788
441	del	37888851	71394322	9	33505.471
442	del	72092020	72722649	9	630.629
443	del	73256183	74299224	9	1043.041
444	del	74366292	77244166	9	2877.874
445	del	77762685	78771692	9	1009.007
446	del	79329250	79814734	9	485.484
447	del	80049970	84603518	9	4553.548
448	del	84704620	86243156	9	1538.536
449	del	86618532	88190101	9	1571.569
450	del	88968880	90252161	9	1283.281
451	del	90805715	91929837	9	1124.122
452	del	92065974	94793698	9	2727.724
453	del	96440344	98208109	9	1767.765
454	del	98249151	98642543	9	393.392
455	del	101993892	102588485	9	594.593
456	del	103349246	104070966	9	721.72
457	del	104450346	107266158	9	2815.812
458	del	107651544	108096988	9	445.444
459	del	108523415	109684574	9	1161.159
460	del	109933824	111616504	9	1682.68
461	del	112226114	112897784	9	671.67
462	del	113563450	114088974	9	525.524
463	del	117853736	123151027	9	5297.291
464	del	124118995	124905780	9	786.785
465	del	126221095	127073946	9	852.851
466	del	128125998	129594464	9	1468.466
467	del	137810673	138376237	9	565.564
469	del	469469	857856	10	388.387
470	del	1176175	3141137	10	1964.962
471	del	3213210	5004999	10	1791.789
472	del	6557551	7604596	10	1047.045
473	del	7866859	11961949	10	4095.09
474	del	12293281	13146132	10	852.851
475	del	13838825	14860845	10	1022.02
476	del	15263248	16793776	10	1530.528
477	del	17279262	21803781	10	4524.519
478	del	22056034	24761736	10	2705.702
479	del	24924900	26355328	10	1430.428
480	del	27703676	29746716	10	2043.04
481	del	29844815	30314283	10	469.468
482	del	31140109	38107068	10	6966.959
483	del	38408370	43013970	10	4605.6
484	del	44142098	45422376	10	1280.278
485	del	46283237	50666615	10	4383.378
486	del	50981931	61801739	10	10819.808
487	del	61973912	64905840	10	2931.928
488	del	64982918	69509439	10	4526.521
489	del	74105031	74618543	10	513.512
490	del	75898823	76719642	10	820.819
491	del	76995919	79490410	10	2494.491
492	del	79800721	80960879	10	1160.158
493	del	81374293	81651569	10	277.276
494	del	82281199	85900814	10	3619.615
495	del	86152066	88197108	10	2045.042
496	del	88836748	90332241	10	1495.493
497	del	91534443	93566472	10	2032.029
498	del	100250150	101117015	10	866.865
499	del	102825723	103281177	10	455.454
500	del	106215109	111624512	10	5409.403
501	del	112771659	113912798	10	1141.139
502	del	114208094	115312196	10	1104.102
503	del	116735619	118196077	10	1460.458
504	del	118467349	118956837	10	489.488
505	del	119049931	120794673	10	1744.742
506	del	121693572	123657533	10	1963.961
507	del	124931807	127408280	10	2476.473
508	del	127807680	129844714	10	2037.034
509	del	129924795	133929795	10	4005
511	del	10065055	10477466	11	412.411
512	del	10829819	11912900	11	1083.081
513	del	12380368	14478463	11	2098.095
514	del	14542528	16759742	11	2217.214
515	del	19262243	19852832	11	590.589
516	del	20700680	26552525	11	5851.845
517	del	26743717	32607574	11	5863.857
518	del	35516481	36421384	11	904.903
519	del	36681645	43339295	11	6657.65
520	del	44298254	45826780	11	1528.526
521	del	48511463	55031976	11	6520.513
522	del	56511455	57067009	11	555.554
523	del	68855787	70118047	11	1262.26
524	del	70349279	71145073	11	795.794
525	del	78444366	82515432	11	4071.066
526	del	82991909	85342256	11	2350.347
527	del	86220134	92494401	11	6274.267
528	del	92715623	93454360	11	738.737
529	del	94926832	95504408	11	577.576
530	del	95599504	101761659	11	6162.155
531	del	103159056	104814709	11	1655.653
532	del	105010906	107916808	11	2905.902
533	del	108594486	111365253	11	2770.767
534	del	112140028	113072959	11	932.931
535	del	114466352	116618501	11	2152.149
536	del	121501380	122646523	11	1145.143
537	del	122968846	123464340	11	495.494
538	del	126319193	128637508	11	2318.315
539	del	128868740	129721591	11	852.851
540	del	130344214	133992858	11	3648.644
542	del	1043042	1862860	12	819.818
543	del	2078076	2566563	12	488.487
544	del	5023018	6055048	12	1032.03
545	del	9361352	9747737	12	386.385
546	del	13257244	14576561	12	1319.317
547	del	15104089	15636620	12	532.531
548	del	15836821	20765744	12	4928.923
549	del	22090068	25231205	12	3141.137
550	del	25381356	26539512	12	1158.156
551	del	27951924	29445415	12	1493.491
552	del	29674645	30782751	12	1108.106
553	del	32146114	32734701	12	588.587
554	del	33033000	39694654	12	6661.654
555	del	39764725	40618577	12	853.852
556	del	40761721	42680637	12	1918.916
557	del	42866824	46204157	12	3337.333
558	del	46358312	48057008	12	1698.696
559	del	58379321	62774711	12	4395.39
560	del	62986924	64802737	12	1815.813
561	del	65142077	66500433	12	1358.356
562	del	66935869	67675607	12	739.738
563	del	67707640	68618549	12	910.909
564	del	69280211	69961891	12	681.68
565	del	70210140	70703632	12	493.492
566	del	71096025	71897825	12	801.8
567	del	72426354	88373284	12	15946.93
568	del	88589501	89859769	12	1270.268
569	del	90049960	93100006	12	3050.046
570	del	93286193	94533438	12	1247.245
571	del	94985891	95396300	12	410.409
572	del	96423327	98920821	12	2497.494
573	del	99146047	100430329	12	1284.282
574	del	102592490	103980876	12	1388.386
575	del	105612507	106409302	12	796.795
576	del	107399292	108002894	12	603.602
577	del	108170062	108909800	12	739.738
578	del	113876763	116398281	12	2521.518
579	del	116461345	117382264	12	920.919
580	del	117769652	118456337	12	686.685
581	del	118693575	119908788	12	1215.213
582	del	125627502	130826695	12	5199.193
583	del	130941811	132195062	12	1253.251
584	del	132637505	133195061	12	557.556
586	del	21751730	23897873	13	2146.143
587	del	25914889	28577548	13	2662.659
588	del	29298269	31195163	13	1896.894
589	del	31904873	32652619	13	747.746
590	del	33717684	37511473	13	3793.789
591	del	37679642	39261221	13	1581.579
592	del	39622583	41322280	13	1699.697
593	del	42893851	45514468	13	2620.617
594	del	47470423	48827778	13	1357.355
595	del	49097048	49683633	13	586.585
596	del	50595545	52292239	13	1696.694
597	del	53049997	73292218	13	20242.221
598	del	73373300	75811735	13	2438.435
599	del	76445369	77554476	13	1109.107
600	del	78234156	96204107	13	17969.951
601	del	96676580	98634535	13	1957.955
602	del	100215115	103256152	13	3041.037
603	del	103528425	110802691	13	7274.266
604	del	111605494	113438324	13	1832.83
606	del	25104079	31050018	14	5945.939
607	del	31858827	35181145	14	3322.318
608	del	36351315	39501461	14	3150.146
609	del	39871832	45329283	14	5457.451
610	del	45716671	50043993	14	4327.322
611	del	51492441	52432379	14	939.938
612	del	53560507	55168112	14	1607.605
613	del	56151095	58597538	14	2446.443
614	del	59114055	60573512	14	1459.457
615	del	60759699	61908846	14	1149.147
616	del	62262200	64406341	14	2144.141
617	del	65561496	67576508	14	2015.012
618	del	68302234	69255185	14	952.951
619	del	71577506	72053981	14	476.475
620	del	72206134	73404330	14	1198.196
621	del	76668592	77235157	14	566.565
622	del	78400322	81244162	14	2843.84
623	del	81994913	88400311	14	6405.398
624	del	89213124	90724633	14	1511.509
625	del	95112017	95556460	14	444.443
626	del	96181085	96702605	14	521.52
627	del	97031935	99864764	14	2832.829
628	del	101533432	102322219	14	788.787
629	del	104493389	105166060	14	672.671
630	del	106137031	106538431	14	401.4
632	del	23063040	25206180	15	2143.14
633	del	25621596	28195166	15	2573.57
634	del	28526498	29992962	15	1466.464
635	del	30066036	31083051	15	1017.015
636	del	31370339	33830796	15	2460.457
637	del	34667633	35044008	15	376.375
638	del	35276241	39873833	15	4597.592
639	del	44217173	44775730	15	558.557
640	del	45983938	48412363	15	2428.425
641	del	52906854	55473417	15	2566.563
642	del	56396340	57522464	15	1126.124
643	del	58007950	58829770	15	821.82
644	del	59974915	60639578	15	664.663
645	del	60807747	62146083	15	1338.336
646	del	62328266	62938875	15	610.609
647	del	66857791	67456388	15	598.597
648	del	69748679	70948877	15	1200.198
649	del	71212141	72019947	15	807.806
650	del	73067995	73528454	15	460.459
651	del	76647571	77227149	15	579.578
652	del	77474397	78186107	15	711.71
653	del	79383304	80742661	15	1359.357
654	del	81666585	83214130	15	1547.545
655	del	83937854	85146060	15	1208.206
656	del	85681596	86062976	15	381.38
657	del	86315229	89379289	15	3064.06
658	del	91579488	93467373	15	1887.885
659	del	93610517	99434334	15	5823.817
660	del	99926827	101425323	15	1498.496
661	del	5146141	8718709	16	3572.568
662	del	9025016	10523512	16	1498.496
663	del	12163151	14012998	16	1849.847
664	del	14766752	14945930	16	179.178
665	del	15187172	15674658	16	487.486
666	del	16303287	18793774	16	2490.487
667	del	19747728	20322301	16	574.573
668	del	22361339	23079055	16	717.716
669	del	23769746	24551526	16	781.78
670	del	25269244	27221193	16	1951.949
671	del	27790763	28488459	16	697.696
672	del	29001973	29674644	16	672.671
673	del	31512481	33365331	16	1852.85
674	del	33662629	35286250	16	1623.621
675	del	47197150	48117068	16	919.918
676	del	48596548	50091040	16	1494.492
677	del	51177126	53189135	16	2012.009
678	del	53730677	55513457	16	1782.78
679	del	55909854	56362305	16	452.451
680	del	58758700	66412345	16	7653.645
681	del	72206134	72820747	16	614.613
682	del	72994922	74330255	16	1335.333
683	del	75690615	81029948	16	5339.333
684	del	82133051	83939855	16	1806.804
685	del	85146061	87364276	16	2218.215
686	del	87970883	88594505	16	623.622
688	del	5463458	6328321	17	864.863
689	del	8815807	9488478	17	672.671
690	del	10632622	11510498	17	877.876
691	del	11896885	12617604	17	720.719
692	del	12921909	15440424	17	2518.515
693	del	18927909	19186166	17	258.257
694	del	21330309	25620594	17	4290.285
695	del	31108077	33254220	17	2146.143
696	del	34434400	34841806	17	407.406
697	del	36105069	36452415	17	347.346
698	del	44365321	44787742	17	422.421
699	del	49375326	54891836	17	5516.51
700	del	55198143	55916860	17	718.717
701	del	58767709	59667607	17	899.898
702	del	60837777	61391329	17	553.552
703	del	63224161	64682617	17	1458.456
704	del	67315248	71165093	17	3849.845
705	del	71434363	72199126	17	764.763
706	del	75213138	76044968	17	831.83
707	del	77083006	77704626	17	621.62
709	del	757757	2538535	18	1780.778
710	del	3278275	6858851	18	3580.576
711	del	7051044	9117107	18	2066.063
712	del	9595586	11850838	18	2255.252
713	del	13153140	19110090	18	5956.95
714	del	19445426	20813792	18	1368.366
715	del	22058036	28573544	18	6515.508
716	del	29868839	32821788	18	2952.949
717	del	32954922	33688654	18	733.732
718	del	34416382	43204160	18	8787.778
719	del	44664620	47007960	18	2343.34
720	del	48704656	55217161	18	6512.505
721	del	55399344	55982926	18	583.582
722	del	57137080	59887827	18	2750.747
723	del	60036977	60984923	18	947.946
724	del	61655594	67670602	18	6015.008
725	del	67873806	72166093	18	4292.287
726	del	72353281	74560485	18	2207.204
728	del	20370350	21116094	19	745.744
729	del	22380358	32842809	19	10462.451
730	del	33704671	34684649	19	979.978
731	del	3929926	4764759	20	834.833
732	del	6196190	9317307	20	3121.117
733	del	9562553	10273262	20	710.709
734	del	10654644	13694680	20	3040.036
735	del	13869856	17409391	20	3539.535
736	del	18541523	19944924	20	1403.401
737	del	20621601	21306284	20	684.683
738	del	21370349	24929904	20	3559.555
739	del	25667642	29872842	20	4205.2
740	del	37667630	39703663	20	2036.033
741	del	40163123	42086043	20	1922.92
742	del	46319273	47243195	20	923.922
743	del	50409359	54822767	20	4413.408
744	del	55112057	55902846	20	790.789
745	del	56192136	57470412	20	1278.276
746	del	57899842	58317258	20	417.416
747	del	58588530	60419358	20	1830.828
749	del	11187176	30248217	21	19061.041
750	del	30465435	31653621	21	1188.186
751	del	32639607	33866832	21	1227.225
752	del	34167133	34613578	21	446.445
753	del	35515480	37387349	21	1871.869
754	del	38613575	40542501	21	1928.926
755	del	40883843	42597554	21	1713.711
757	del	18656638	19026006	22	369.368
758	del	20133113	20717696	22	584.583
759	del	21426405	21964942	22	538.537
760	del	22330308	23400376	22	1070.068
761	del	25335310	26043016	22	707.706
762	del	27042015	29083053	22	2041.038
763	del	32937905	35657621	22	2719.716
764	del	44697653	45563517	22	865.864
765	del	47117070	50151100	22	3034.03
766	dup	860860	2541538	1	1680.678
767	dup	3301298	3809805	1	508.507
768	dup	5921916	6741734	1	819.818
769	dup	7720713	12955942	1	5235.229
770	dup	14057043	14114099	1	57.056
771	dup	15750735	18024005	1	2273.27
772	dup	19165146	29652622	1	10487.476
773	dup	31186155	34331296	1	3145.141
774	dup	35221186	36945908	1	1724.722
775	dup	37940903	38489450	1	548.547
776	dup	39304265	42052009	1	2747.744
777	dup	42864822	47770722	1	4905.9
778	dup	51734683	55625569	1	3890.886
779	dup	57156099	57538480	1	382.381
780	dup	60287227	60521460	1	234.233
781	dup	62228166	63129065	1	900.899
782	dup	63861798	64126061	1	264.263
783	dup	65094029	65352286	1	258.257
784	dup	65829764	66103036	1	273.272
785	dup	67091024	67896828	1	805.804
786	dup	70477407	70905834	1	428.427
787	dup	75035961	75230154	1	194.193
788	dup	76193117	76398321	1	205.204
789	dup	78030953	78578499	1	547.546
790	dup	82402320	82457374	1	55.054
791	dup	84944860	87109021	1	2164.161
792	dup	89225136	90493402	1	1268.266
793	dup	91358267	91407315	1	49.048
794	dup	91778687	94697602	1	2918.915
795	dup	100132032	101491389	1	1359.357
796	dup	103343240	103492388	1	149.148
797	dup	104112008	104123018	1	11.01
798	dup	109143034	112330217	1	3187.183
799	dup	112990878	113667553	1	676.675
800	dup	114123009	115603487	1	1480.478
801	dup	116925809	117715597	1	789.788
802	dup	118412294	118658539	1	246.245
803	dup	119922803	120548427	1	625.624
804	dup	144614470	145772626	1	1158.156
805	dup	146493347	146767620	1	274.273
806	dup	147082936	147131984	1	49.048
807	dup	148872724	149106957	1	234.233
808	dup	149857708	162829666	1	12971.958
809	dup	166809643	168283114	1	1473.471
810	dup	169256087	170024854	1	768.767
811	dup	170913743	171766594	1	852.851
812	dup	172410238	172635462	1	225.224
813	dup	173450277	173962788	1	512.511
814	dup	174972798	175376200	1	403.402
815	dup	176524348	177030853	1	506.505
816	dup	178408230	180244063	1	1835.833
817	dup	180756576	181024843	1	268.267
818	dup	181679498	181768586	1	89.088
819	dup	182353171	183947763	1	1594.592
820	dup	184662478	185279093	1	616.615
821	dup	185877692	186419232	1	541.54
822	dup	196641445	197412214	1	770.769
823	dup	198665467	198725526	1	60.059
824	dup	200375175	208392183	1	8017.008
825	dup	209767558	210025815	1	258.257
826	dup	211444233	213437223	1	1992.99
827	dup	214478264	214837622	1	359.358
828	dup	215746531	216501284	1	754.753
829	dup	220087868	220491270	1	403.402
830	dup	222695473	223287063	1	591.59
831	dup	223930707	224052828	1	122.121
832	dup	224340116	224620395	1	280.279
833	dup	226015790	227336108	1	1320.318
834	dup	228284056	228652423	1	368.367
835	dup	229566337	229795565	1	229.228
836	dup	230794564	231510278	1	715.714
837	dup	232534302	232651418	1	117.116
838	dup	234444210	234609374	1	165.164
839	dup	235275040	237061824	1	1786.784
840	dup	237659422	238054816	1	395.394
841	dup	241660419	242053811	1	393.392
842	dup	246671425	248638389	1	1966.964
843	dup	3404401	3750746	2	346.345
844	dup	8869861	9029019	2	159.158
845	dup	9458449	11965953	2	2507.504
846	dup	15415400	15771755	2	356.355
847	dup	17691674	17963945	2	272.271
848	dup	20096076	21266244	2	1170.168
849	dup	23976953	29551521	2	5574.568
850	dup	31457426	31638606	2	181.18
851	dup	32339307	33827793	2	1488.486
852	dup	36667631	37600562	2	932.931
853	dup	38790752	39584544	2	793.792
854	dup	43754711	44600555	2	845.844
855	dup	46573527	48067018	2	1493.491
856	dup	48572524	48960911	2	388.387
857	dup	53920867	54177122	2	256.255
858	dup	54825771	55921865	2	1096.094
859	dup	60960900	62116053	2	1155.153
860	dup	64069005	65562496	2	1493.491
861	dup	68351283	71913841	2	3562.558
862	dup	73302229	75119043	2	1816.814
863	dup	85508423	87132044	2	1623.621
864	dup	88824736	88895806	2	71.07
865	dup	91758667	91944852	2	186.185
866	dup	95480385	96080984	2	600.599
867	dup	96678582	97757659	2	1079.077
868	dup	98253155	100211110	2	1957.955
869	dup	101540439	101676574	2	136.135
870	dup	102440338	103381277	2	940.939
871	dup	108862754	109548438	2	685.684
872	dup	111395284	111432320	2	37.036
873	dup	112582470	114004890	2	1422.42
874	dup	118571453	118866747	2	295.294
875	dup	120002883	120932811	2	929.928
876	dup	127805678	128957828	2	1152.15
877	dup	130892762	131130999	2	238.237
878	dup	131795664	132385252	2	589.588
879	dup	135616481	136962825	2	1346.344
880	dup	145146001	145188042	2	42.041
881	dup	152106955	152586433	2	479.478
882	dup	158113956	158185026	2	71.07
883	dup	159991832	161160999	2	1169.167
884	dup	162272110	162365202	2	93.092
885	dup	162803641	163303139	2	499.498
886	dup	165945780	166247080	2	301.3
887	dup	166532366	167305137	2	772.771
888	dup	168095928	168115947	2	20.019
889	dup	169547378	172967794	2	3420.416
890	dup	173329156	174233058	2	903.902
891	dup	175162988	175677501	2	514.513
892	dup	178079902	179743563	2	1663.661
893	dup	182339157	182794611	2	455.454
894	dup	183582399	184026842	2	444.443
895	dup	187486299	187714526	2	228.227
896	dup	189848659	189975785	2	127.126
897	dup	190312122	192289096	2	1976.974
898	dup	196544348	198572373	2	2028.025
899	dup	201331130	204361156	2	3030.026
900	dup	206561355	207657449	2	1096.094
901	dup	208985777	209359149	2	373.372
902	dup	210542332	211543331	2	1000.999
903	dup	215796581	216301084	2	504.503
904	dup	216903687	217367149	2	463.462
905	dup	218668450	220507286	2	1838.836
906	dup	227659432	228892663	2	1233.231
907	dup	230631401	232459226	2	1827.825
908	dup	233193961	234979744	2	1785.783
909	dup	238232995	239356116	2	1123.121
910	dup	241398157	242815572	2	1417.415
911	dup	3067064	3217213	3	150.149
912	dup	4668664	5258252	3	589.588
913	dup	8976968	11422410	3	2445.442
914	dup	12530518	15778762	3	3248.244
915	dup	16216200	16647630	3	431.43
916	dup	17051034	17085067	3	34.033
917	dup	25610585	25836810	3	226.225
918	dup	32482450	33654620	3	1172.17
919	dup	36756720	39454414	3	2697.694
920	dup	40203163	40574533	3	371.37
921	dup	41937896	42957914	3	1020.018
922	dup	44395351	50685634	3	6290.283
923	dup	51262211	53922868	3	2660.657
924	dup	56597541	58641582	3	2044.041
925	dup	63964901	64149084	3	184.183
926	dup	64524460	64645580	3	121.12
927	dup	66427361	66468401	3	41.04
928	dup	69025957	69247177	3	221.22
929	dup	97595498	98544445	3	948.947
930	dup	99509410	100631530	3	1122.12
931	dup	100944844	101578476	3	633.632
932	dup	108069962	108823714	3	753.752
933	dup	111602491	114070956	3	2468.465
934	dup	118864746	120501380	3	1636.634
935	dup	121096976	126753626	3	5656.65
936	dup	127292165	129390260	3	2098.095
937	dup	130278148	130749618	3	471.47
938	dup	132046915	132441308	3	394.393
939	dup	133097965	134347212	3	1249.247
940	dup	135719584	136088952	3	369.368
941	dup	137741604	138478339	3	736.735
942	dup	139061923	139102963	3	41.04
943	dup	141161020	142567424	3	1406.404
944	dup	148545397	149261111	3	715.714
945	dup	150873723	151177025	3	303.302
946	dup	153969816	154147993	3	178.177
947	dup	158363205	158547388	3	184.183
948	dup	159706547	160287126	3	580.579
949	dup	164696532	164908743	3	212.211
950	dup	169482313	170221050	3	738.737
951	dup	171963792	172547374	3	583.582
952	dup	178915737	179606426	3	690.689
953	dup	182537355	187009822	3	4472.467
954	dup	192972780	193385191	3	412.411
955	dup	194060867	194393198	3	332.331
957	dup	4190186	4461456	4	271.27
958	dup	5563558	7067059	4	1503.501
959	dup	7713706	8478469	4	764.763
960	dup	13577564	13617603	4	40.039
961	dup	17488471	17847829	4	359.358
962	dup	20481461	20736715	4	255.254
963	dup	25004980	25849823	4	844.843
964	dup	36066030	36232195	4	166.165
965	dup	37589552	38139100	4	549.548
966	dup	38681643	40441400	4	1759.757
967	dup	47404357	49053003	4	1648.646
968	dup	52859807	52961908	4	102.101
969	dup	55945890	56346289	4	400.399
970	dup	56723667	57899841	4	1176.174
971	dup	68372304	70362291	4	1989.987
972	dup	71019949	71702630	4	682.681
973	dup	73922849	74478403	4	555.554
974	dup	76407331	78088009	4	1680.678
975	dup	79101022	79860780	4	759.758
976	dup	83276193	84526441	4	1250.248
977	dup	85524439	85782696	4	258.257
978	dup	87609522	89712622	4	2103.1
979	dup	99959860	100544443	4	584.583
980	dup	103487384	104118013	4	630.629
981	dup	110383273	110932821	4	549.548
982	dup	113277164	113575461	4	298.297
983	dup	114153039	114295180	4	142.141
984	dup	119606487	120316195	4	709.708
985	dup	122589467	123378254	4	788.787
986	dup	126237111	126413286	4	176.175
987	dup	128553425	129132002	4	578.577
988	dup	141299158	141608466	4	309.308
989	dup	144336192	144477332	4	141.14
990	dup	146016871	146824677	4	807.806
991	dup	148406258	148605456	4	199.198
992	dup	151725574	152096944	4	371.37
993	dup	153690537	154710555	4	1020.018
994	dup	155155000	155534378	4	379.378
995	dup	156617461	156864707	4	247.246
996	dup	159493334	159791631	4	298.297
997	dup	160225065	160280119	4	55.054
998	dup	166198032	166419252	4	221.22
999	dup	169097929	169434264	4	336.335
1000	dup	177016840	177146969	4	130.129
1001	dup	184165982	184634449	4	468.467
1002	dup	185549364	186584397	4	1035.033
1003	dup	186996810	187631443	4	634.633
1004	dup	140140	1502500	5	1362.36
1005	dup	6599593	6755748	5	156.155
1006	dup	7690683	7900892	5	210.209
1007	dup	10227217	10465454	5	238.237
1008	dup	13691678	14798783	5	1107.105
1009	dup	31293262	32420387	5	1127.125
1010	dup	33440407	34044009	5	603.602
1011	dup	34795761	35090054	5	294.293
1012	dup	35640605	36272235	5	631.63
1013	dup	36952916	37397359	5	444.443
1014	dup	38403365	38531492	5	128.127
1015	dup	38868830	39395355	5	526.525
1016	dup	40680640	41204162	5	523.522
1017	dup	43121078	43704660	5	583.582
1018	dup	52157105	52405352	5	248.247
1019	dup	54274220	55490434	5	1216.214
1020	dup	56152096	56235178	5	83.082
1021	dup	64746682	65475409	5	728.727
1022	dup	66395329	66493426	5	98.097
1023	dup	68396328	68810741	5	414.413
1024	dup	70751681	70952881	5	201.2
1025	dup	71479408	71757685	5	278.277
1026	dup	72794722	72876803	5	82.081
1027	dup	73929856	74326251	5	396.395
1028	dup	74637563	74894819	5	257.256
1029	dup	75857782	76760683	5	902.901
1030	dup	78250172	80668587	5	2418.415
1031	dup	82785703	82948865	5	163.162
1032	dup	89780691	90160069	5	379.378
1033	dup	94726632	95256160	5	529.528
1034	dup	96057962	96519422	5	461.46
1035	dup	98191093	98241142	5	50.049
1036	dup	102282180	102531428	5	249.248
1037	dup	110283173	110463352	5	180.179
1038	dup	112089978	112929816	5	839.838
1039	dup	114461347	115362246	5	900.899
1040	dup	118433315	118971852	5	538.537
1041	dup	125800675	125972846	5	172.171
1042	dup	126731605	126887760	5	156.155
1043	dup	127444317	127745617	5	301.3
1044	dup	130762632	132569436	5	1806.804
1045	dup	133292159	134368233	5	1076.074
1046	dup	136956820	141524382	5	4567.562
1047	dup	145376231	146087941	5	711.71
1048	dup	147443296	147846698	5	403.402
1049	dup	148384236	151240088	5	2855.852
1050	dup	153372219	154397242	5	1025.023
1051	dup	156346190	157244086	5	897.896
1052	dup	159655496	160115955	5	460.459
1053	dup	167616449	168251082	5	634.633
1054	dup	169014846	169702532	5	687.686
1055	dup	171471300	172591418	5	1120.118
1056	dup	175716541	177059882	5	1343.341
1057	dup	177546369	180688507	5	3142.138
1058	dup	257257	657656	6	400.399
1059	dup	2670668	3299295	6	628.627
1060	dup	4031027	4136131	6	105.104
1061	dup	7181174	7606598	6	425.424
1062	dup	10398388	11234222	6	835.834
1063	dup	12119107	12166153	6	47.046
1064	dup	13160147	13659645	6	499.498
1065	dup	17506489	18465446	6	958.957
1066	dup	24402378	24876851	6	474.473
1067	dup	25449424	26639612	6	1190.188
1068	dup	27099072	28555526	6	1456.454
1069	dup	28870842	37632594	6	8761.752
1070	dup	38544506	39331291	6	786.785
1071	dup	40995955	44415370	6	3419.415
1072	dup	46592546	46996949	6	404.403
1073	dup	47541494	47847799	6	306.305
1074	dup	51483432	53388334	6	1904.902
1075	dup	56296240	57076018	6	779.778
1076	dup	58773715	58779720	6	6.005
1077	dup	64389325	64424359	6	35.034
1078	dup	70807737	71319247	6	511.51
1079	dup	73695622	74534459	6	838.837
1080	dup	75795720	76752675	6	956.955
1081	dup	79649570	79788708	6	139.138
1082	dup	80714634	80780699	6	66.065
1083	dup	83727644	83949865	6	222.221
1084	dup	86176090	86351264	6	175.174
1085	dup	87963876	88392303	6	428.427
1086	dup	89768679	90662571	6	893.892
1087	dup	99728629	100010910	6	282.281
1088	dup	106966860	107114006	6	147.146
1089	dup	109689580	112538425	6	2848.845
1090	dup	116263147	117253135	6	989.988
1091	dup	117586469	117900782	6	314.313
1092	dup	119221102	119347227	6	126.125
1093	dup	126071946	126343216	6	271.27
1094	dup	129464335	129963833	6	499.498
1095	dup	131179048	131278146	6	99.098
1096	dup	131893762	132272139	6	378.377
1097	dup	132781649	133139005	6	357.356
1098	dup	135218083	135789653	6	571.57
1099	dup	136468332	137528390	6	1060.058
1100	dup	139093955	139270130	6	176.175
1101	dup	143073931	143096953	6	23.022
1102	dup	143653510	144185040	6	531.53
1103	dup	144742598	145173027	6	430.429
1104	dup	146120975	146277130	6	156.155
1105	dup	149698549	150388237	6	689.688
1106	dup	151106956	151939787	6	832.831
1107	dup	152415263	152861708	6	446.445
1108	dup	155107953	155777621	6	669.668
1109	dup	157469312	157745587	6	276.275
1110	dup	158288130	159689529	6	1401.399
1111	dup	160102943	161588426	6	1485.483
1112	dup	167342175	168480311	6	1138.136
1113	dup	170032863	170182011	6	149.148
1114	dup	779779	1609607	7	829.828
1115	dup	2252250	2987984	7	735.734
1116	dup	3989986	4286281	7	296.295
1117	dup	4779775	6864857	7	2085.082
1118	dup	7397390	7680672	7	283.282
1119	dup	21468447	21956934	7	488.487
1120	dup	23163140	23830806	7	667.666
1121	dup	24680656	25268242	7	587.586
1122	dup	26217191	26252225	7	35.034
1123	dup	27133106	27239211	7	106.105
1124	dup	29914885	31147115	7	1232.23
1125	dup	36320284	36492455	7	172.171
1126	dup	38246208	38870831	7	624.623
1127	dup	43476433	45149103	7	1672.67
1128	dup	47831784	48452403	7	620.619
1129	dup	50443393	50695644	7	252.251
1130	dup	55209154	56373316	7	1164.162
1131	dup	66236170	66490423	7	254.253
1132	dup	72267195	72421348	7	154.153
1133	dup	72656584	74134059	7	1477.475
1134	dup	75043969	76154077	7	1110.108
1135	dup	76824748	77424346	7	599.598
1136	dup	82537455	82596513	7	59.058
1137	dup	86393307	87913825	7	1520.518
1138	dup	89788699	90042952	7	254.253
1139	dup	91620529	92165072	7	544.543
1140	dup	92729637	93117023	7	387.386
1141	dup	94023930	94294199	7	270.269
1142	dup	94875781	95226130	7	350.349
1143	dup	97765668	97949851	7	184.183
1144	dup	98445347	100962861	7	2517.514
1145	dup	101739638	102117014	7	377.376
1146	dup	102453351	103342238	7	888.887
1147	dup	104701597	105224118	7	522.521
1148	dup	106507401	107880772	7	1373.371
1149	dup	116338222	117451333	7	1113.111
1150	dup	121607486	121774652	7	167.166
1151	dup	123091969	123350226	7	258.257
1152	dup	127221094	130370239	7	3149.145
1153	dup	131813682	131913781	7	100.099
1154	dup	134812678	135434298	7	621.62
1155	dup	138188050	140535394	7	2347.344
1156	dup	141292151	143176032	7	1883.881
1157	dup	143631488	143840696	7	209.208
1158	dup	148426278	149590440	7	1164.162
1159	dup	150026877	152144992	7	2118.115
1160	dup	156742586	157179021	7	436.435
1161	dup	158414256	158727568	7	313.312
1162	dup	1805804	2093090	8	287.286
1163	dup	10382372	10481470	8	99.098
1164	dup	11152141	11857845	8	705.704
1165	dup	17052035	17947929	8	895.894
1166	dup	21765744	23308284	8	1542.54
1167	dup	24151127	24366341	8	215.214
1168	dup	25153128	25366340	8	213.212
1169	dup	27254227	29049019	8	1794.792
1170	dup	30401371	31079047	8	677.676
1171	dup	37594557	38961922	8	1367.365
1172	dup	41354313	43174130	8	1819.817
1173	dup	48612564	48889840	8	277.276
1174	dup	55532477	55543487	8	11.01
1175	dup	56662606	57081023	8	418.417
1176	dup	59329270	59556496	8	227.226
1177	dup	61653592	61852790	8	199.198
1178	dup	67341274	68215146	8	873.872
1179	dup	68929861	69058989	8	129.128
1180	dup	70475405	71088016	8	612.611
1181	dup	87385298	87683595	8	298.297
1182	dup	90920830	91096004	8	175.174
1183	dup	94737643	95953857	8	1216.214
1184	dup	98698600	99235135	8	536.535
1185	dup	100479379	101734632	8	1255.253
1186	dup	103220117	104455350	8	1235.233
1187	dup	105360255	105521415	8	161.16
1188	dup	110254144	110592481	8	338.337
1189	dup	120428308	121561439	8	1133.131
1190	dup	123962839	126114988	8	2152.149
1191	dup	130759629	131201069	8	441.44
1192	dup	133621488	134488353	8	866.865
1193	dup	139601462	139856716	8	255.254
1194	dup	141523382	142507364	8	983.982
1195	dup	143821678	145163017	8	1341.339
1197	dup	2032030	2193190	9	161.16
1198	dup	2634632	2876873	9	242.241
1199	dup	4543539	6849842	9	2306.303
1200	dup	8317309	8529520	9	212.211
1201	dup	14719705	15746730	9	1027.025
1202	dup	18927909	19521501	9	593.592
1203	dup	20714694	21482460	9	767.766
1204	dup	26841815	27611583	9	769.768
1205	dup	32405373	37888850	9	5483.477
1206	dup	71394323	72092019	9	697.696
1207	dup	72722650	73256182	9	533.532
1208	dup	74299225	74366291	9	67.066
1209	dup	77244167	77762684	9	518.517
1210	dup	78771693	79329249	9	557.556
1211	dup	79814735	80049969	9	235.234
1212	dup	84603519	84704619	9	101.1
1213	dup	86243157	86618531	9	375.374
1214	dup	88190102	88968879	9	778.777
1215	dup	90252162	90805714	9	553.552
1216	dup	91929838	92065973	9	136.135
1217	dup	94793699	96440343	9	1646.644
1218	dup	98208110	98249150	9	41.04
1219	dup	98642544	101993891	9	3351.347
1220	dup	102588486	103349245	9	760.759
1221	dup	104070967	104450345	9	379.378
1222	dup	107266159	107651543	9	385.384
1223	dup	108096989	108523414	9	426.425
1224	dup	109684575	109933823	9	249.248
1225	dup	111616505	112226113	9	609.608
1226	dup	112897785	113563449	9	665.664
1227	dup	114088975	117853735	9	3764.76
1228	dup	123151028	124118994	9	967.966
1229	dup	124905781	126221094	9	1315.313
1230	dup	127073947	128125997	9	1052.05
1231	dup	129594465	137810672	9	8216.207
1232	dup	138376238	141016875	9	2640.637
1233	dup	255255	469468	10	214.213
1234	dup	857857	1176174	10	318.317
1235	dup	3141138	3213209	10	72.071
1236	dup	5005000	6557550	10	1552.55
1237	dup	7604597	7866858	10	262.261
1238	dup	11961950	12293280	10	331.33
1239	dup	13146133	13838824	10	692.691
1240	dup	14860846	15263247	10	402.401
1241	dup	16793777	17279261	10	485.484
1242	dup	21803782	22056033	10	252.251
1243	dup	24761737	24924899	10	163.162
1244	dup	26355329	27703675	10	1348.346
1245	dup	29746717	29844814	10	98.097
1246	dup	30314284	31140108	10	825.824
1247	dup	38107069	38408369	10	301.3
1248	dup	43013971	44142097	10	1128.126
1249	dup	45422377	46283236	10	860.859
1250	dup	50666616	50981930	10	315.314
1251	dup	61801740	61973911	10	172.171
1252	dup	64905841	64982917	10	77.076
1253	dup	69509440	74105030	10	4595.59
1254	dup	74618544	75898822	10	1280.278
1255	dup	76719643	76995918	10	276.275
1256	dup	79490411	79800720	10	310.309
1257	dup	80960880	81374292	10	413.412
1258	dup	81651570	82281198	10	629.628
1259	dup	85900815	86152065	10	251.25
1260	dup	88197109	88836747	10	639.638
1261	dup	90332242	91534442	10	1202.2
1262	dup	93566473	100250149	10	6683.676
1263	dup	101117016	102825722	10	1708.706
1264	dup	103281178	106215108	10	2933.93
1265	dup	111624513	112771658	10	1147.145
1266	dup	113912799	114208093	10	295.294
1267	dup	115312197	116735618	10	1423.421
1268	dup	118196078	118467348	10	271.27
1269	dup	118956838	119049930	10	93.092
1270	dup	120794674	121693571	10	898.897
1271	dup	123657534	124931806	10	1274.272
1272	dup	127408281	127807679	10	399.398
1273	dup	129844715	129924794	10	80.079
1274	dup	133929796	135374238	10	1444.442
1275	dup	189189	10065054	11	9875.865
1276	dup	10477467	10829818	11	352.351
1277	dup	11912901	12380367	11	467.466
1278	dup	14478464	14542527	11	64.063
1279	dup	16759743	19262242	11	2502.499
1280	dup	19852833	20700679	11	847.846
1281	dup	26552526	26743716	11	191.19
1282	dup	32607575	35516480	11	2908.905
1283	dup	36421385	36681644	11	260.259
1284	dup	43339296	44298253	11	958.957
1285	dup	45826781	48511462	11	2684.681
1286	dup	55031977	56511454	11	1479.477
1287	dup	57067010	68855786	11	11788.776
1288	dup	70118048	70349278	11	231.23
1289	dup	71145074	78444365	11	7299.291
1290	dup	82515433	82991908	11	476.475
1291	dup	85342257	86220133	11	877.876
1292	dup	92494402	92715622	11	221.22
1293	dup	93454361	94926831	11	1472.47
1294	dup	95504409	95599503	11	95.094
1295	dup	101761660	103159055	11	1397.395
1296	dup	104814710	105010905	11	196.195
1297	dup	107916809	108594485	11	677.676
1298	dup	111365254	112140027	11	774.773
1299	dup	113072960	114466351	11	1393.391
1300	dup	116618502	121501379	11	4882.877
1301	dup	122646524	122968845	11	322.321
1302	dup	123464341	126319192	11	2854.851
1303	dup	128637509	128868739	11	231.23
1304	dup	129721592	130344213	11	622.621
1305	dup	133992859	134258123	11	265.264
1306	dup	247247	1043041	12	795.794
1307	dup	1862861	2078075	12	215.214
1308	dup	2566564	5023017	12	2456.453
1309	dup	6055049	9361351	12	3306.302
1310	dup	9747738	13257243	12	3509.505
1311	dup	14576562	15104088	12	527.526
1312	dup	15636621	15836820	12	200.199
1313	dup	20765745	22090067	12	1324.322
1314	dup	25231206	25381355	12	150.149
1315	dup	26539513	27951923	12	1412.41
1316	dup	29445416	29674644	12	229.228
1317	dup	30782752	32146113	12	1363.361
1318	dup	32734702	33032999	12	298.297
1319	dup	39694655	39764724	12	70.069
1320	dup	40618578	40761720	12	143.142
1321	dup	42680638	42866823	12	186.185
1322	dup	46204158	46358311	12	154.153
1323	dup	48057009	58379320	12	10322.311
1324	dup	62774712	62986923	12	212.211
1325	dup	64802738	65142076	12	339.338
1326	dup	66500434	66935868	12	435.434
1327	dup	67675608	67707639	12	32.031
1328	dup	68618550	69280210	12	661.66
1329	dup	69961892	70210139	12	248.247
1330	dup	70703633	71096024	12	392.391
1331	dup	71897826	72426353	12	528.527
1332	dup	88373285	88589500	12	216.215
1333	dup	89859770	90049959	12	190.189
1334	dup	93100007	93286192	12	186.185
1335	dup	94533439	94985890	12	452.451
1336	dup	95396301	96423326	12	1027.025
1337	dup	98920822	99146046	12	225.224
1338	dup	100430330	102592489	12	2162.159
1339	dup	103980877	105612506	12	1631.629
1340	dup	106409303	107399291	12	989.988
1341	dup	108002895	108170061	12	167.166
1342	dup	108909801	113876762	12	4966.961
1343	dup	116398282	116461344	12	63.062
1344	dup	117382265	117769651	12	387.386
1345	dup	118456338	118693574	12	237.236
1346	dup	119908789	125627501	12	5718.712
1347	dup	130826696	130941810	12	115.114
1348	dup	132195063	132637504	12	442.441
1349	dup	133195062	133454320	12	259.258
1350	dup	19699680	21751729	13	2052.049
1351	dup	23897874	25914888	13	2017.014
1352	dup	28577549	29298268	13	720.719
1353	dup	31195164	31904872	13	709.708
1354	dup	32652620	33717683	13	1065.063
1355	dup	37511474	37679641	13	168.167
1356	dup	39261222	39622582	13	361.36
1357	dup	41322281	42893850	13	1571.569
1358	dup	45514469	47470422	13	1955.953
1359	dup	48827779	49097047	13	269.268
1360	dup	49683634	50595544	13	911.91
1361	dup	52292240	53049996	13	757.756
1362	dup	73292219	73373299	13	81.08
1363	dup	75811736	76445368	13	633.632
1364	dup	77554477	78234155	13	679.678
1365	dup	96204108	96676579	13	472.471
1366	dup	98634536	100215114	13	1580.578
1367	dup	103256153	103528424	13	272.271
1368	dup	110802692	111605493	13	802.801
1369	dup	113438325	115091976	13	1653.651
1370	dup	20134114	25104078	14	4969.964
1371	dup	31050019	31858826	14	808.807
1372	dup	35181146	36351314	14	1170.168
1373	dup	39501462	39871831	14	370.369
1374	dup	45329284	45716670	14	387.386
1375	dup	50043994	51492440	14	1448.446
1376	dup	52432380	53560506	14	1128.126
1377	dup	55168113	56151094	14	982.981
1378	dup	58597539	59114054	14	516.515
1379	dup	60573513	60759698	14	186.185
1380	dup	61908847	62262199	14	353.352
1381	dup	64406342	65561495	14	1155.153
1382	dup	67576509	68302233	14	725.724
1383	dup	69255186	71577505	14	2322.319
1384	dup	72053982	72206133	14	152.151
1385	dup	73404331	76668591	14	3264.26
1386	dup	77235158	78400321	14	1165.163
1387	dup	81244163	81994912	14	750.749
1388	dup	88400312	89213123	14	812.811
1389	dup	90724634	95112016	14	4387.382
1390	dup	95556461	96181084	14	624.623
1391	dup	96702606	97031934	14	329.328
1392	dup	99864765	101533431	14	1668.666
1393	dup	102322220	104493388	14	2171.168
1394	dup	105166061	106137030	14	970.969
1395	dup	106538432	107284176	14	745.744
1396	dup	22297275	23063039	15	765.764
1397	dup	25206181	25621595	15	415.414
1398	dup	28195167	28526497	15	331.33
1399	dup	29992963	30066035	15	73.072
1400	dup	31083052	31370338	15	287.286
1401	dup	33830797	34667632	15	836.835
1402	dup	35044009	35276240	15	232.231
1403	dup	39873834	44217172	15	4343.338
1404	dup	44775731	45983937	15	1208.206
1405	dup	48412364	52906853	15	4494.489
1406	dup	55473418	56396339	15	922.921
1407	dup	57522465	58007949	15	485.484
1408	dup	58829771	59974914	15	1145.143
1409	dup	60639579	60807746	15	168.167
1410	dup	62146084	62328265	15	182.181
1411	dup	62938876	66857790	15	3918.914
1412	dup	67456389	69748678	15	2292.289
1413	dup	70948878	71212140	15	263.262
1414	dup	72019948	73067994	15	1048.046
1415	dup	73528455	76647570	15	3119.115
1416	dup	77227150	77474396	15	247.246
1417	dup	78186108	79383303	15	1197.195
1418	dup	80742662	81666584	15	923.922
1419	dup	83214131	83937853	15	723.722
1420	dup	85146061	85681595	15	535.534
1421	dup	86062977	86315228	15	252.251
1422	dup	89379290	91579487	15	2200.197
1423	dup	93467374	93610516	15	143.142
1424	dup	99434335	99926826	15	492.491
1426	dup	8718710	9025015	16	306.305
1427	dup	10523513	12163150	16	1639.637
1428	dup	14012999	14766751	16	753.752
1429	dup	14945931	15187171	16	241.24
1430	dup	15674659	16303286	16	628.627
1431	dup	18793775	19747727	16	953.952
1432	dup	20322302	22361338	16	2039.036
1433	dup	23079056	23769745	16	690.689
1434	dup	24551527	25269243	16	717.716
1435	dup	27221194	27790762	16	569.568
1436	dup	28488460	29001972	16	513.512
1437	dup	29674645	31512480	16	1837.835
1438	dup	33365332	33662628	16	297.296
1439	dup	46385339	47197149	16	811.81
1440	dup	48117069	48596547	16	479.478
1441	dup	50091041	51177125	16	1086.084
1442	dup	53189136	53730676	16	541.54
1443	dup	55513458	55909853	16	396.395
1444	dup	56362306	58758699	16	2396.393
1445	dup	66412346	72206133	16	5793.787
1446	dup	72820748	72994921	16	174.173
1447	dup	74330256	75690614	16	1360.358
1448	dup	81029949	82133050	16	1103.101
1449	dup	83939856	85146060	16	1206.204
1450	dup	87364277	87970882	16	606.605
1451	dup	88594506	90163072	16	1568.566
1452	dup	504504	5463457	17	4958.953
1453	dup	6328322	8815806	17	2487.484
1454	dup	9488479	10632621	17	1144.142
1455	dup	11510499	11896884	17	386.385
1456	dup	12617605	12921908	17	304.303
1457	dup	15440425	18927908	17	3487.483
1458	dup	19186167	21330308	17	2144.141
1459	dup	25620595	31108076	17	5487.481
1460	dup	33254221	34434399	17	1180.178
1461	dup	34841807	36105068	17	1263.261
1462	dup	36452416	44365320	17	7912.904
1463	dup	44787743	49375325	17	4587.582
1464	dup	54891837	55198142	17	306.305
1465	dup	55916861	58767708	17	2850.847
1466	dup	59667608	60837776	17	1170.168
1467	dup	61391330	63224160	17	1832.83
1468	dup	64682618	67315247	17	2632.629
1469	dup	71165094	71434362	17	269.268
1470	dup	72199127	75213137	17	3014.01
1471	dup	76044969	77083005	17	1038.036
1472	dup	77704627	80915834	17	3211.207
1473	dup	192192	757756	18	565.564
1474	dup	2538536	3278274	18	739.738
1475	dup	6858852	7051043	18	192.191
1476	dup	9117108	9595585	18	478.477
1477	dup	11850839	13153139	18	1302.3
1478	dup	19110091	19445425	18	335.334
1479	dup	20813793	22058035	18	1244.242
1480	dup	28573545	29868838	18	1295.293
1481	dup	32821789	32954921	18	133.132
1482	dup	33688655	34416381	18	727.726
1483	dup	43204161	44664619	18	1460.458
1484	dup	47007961	48704655	18	1696.694
1485	dup	55217162	55399343	18	182.181
1486	dup	55982927	57137079	18	1154.152
1487	dup	59887828	60036976	18	149.148
1488	dup	60984924	61655593	18	670.669
1489	dup	67670603	67873805	18	203.202
1490	dup	72166094	72353280	18	187.186
1491	dup	74560486	74729654	18	169.168
1492	dup	281281	20370349	19	20089.068
1493	dup	21116095	22380357	19	1264.262
1494	dup	32842810	33704670	19	861.86
1496	dup	4764760	6196189	20	1431.429
1497	dup	9317308	9562552	20	245.244
1498	dup	10273263	10654643	20	381.38
1499	dup	13694681	13869855	20	175.174
1500	dup	17409392	18541522	20	1132.13
1501	dup	19944925	20621600	20	676.675
1502	dup	21306285	21370348	20	64.063
1503	dup	24929905	25667641	20	737.736
1504	dup	29872843	37667629	20	7794.786
1505	dup	39703664	40163122	20	459.458
1506	dup	42086044	46319272	20	4233.228
1507	dup	47243196	50409358	20	3166.162
1508	dup	54822768	55112056	20	289.288
1509	dup	55902847	56192135	20	289.288
1510	dup	57470413	57899841	20	429.428
1511	dup	58317259	58588529	20	271.27
1512	dup	60419359	62905842	20	2486.483
1513	dup	10861851	11187175	21	325.324
1514	dup	30248218	30465434	21	217.216
1515	dup	31653622	32639606	21	985.984
1516	dup	33866833	34167132	21	300.299
1517	dup	34613579	35515479	21	901.9
1518	dup	37387350	38613574	21	1226.224
1519	dup	40542502	40883842	21	341.34
1520	dup	42597555	48085036	21	5487.481
1521	dup	17280263	18656637	22	1376.374
1522	dup	19026007	20133112	22	1107.105
1523	dup	20717697	21426404	22	708.707
1524	dup	21964943	22330307	22	365.364
1525	dup	23400377	25335309	22	1934.932
1526	dup	26043017	27042014	22	998.997
1527	dup	29083054	32937904	22	3854.85
1528	dup	35657622	44697652	22	9040.03
1529	dup	45563518	47117069	22	1553.551
1530	dup	50151101	51244192	22	1093.091
