,cnv,st_bp,ed_bp,chr,length_kb,Genes
1,del,9009,860859,1,851.85,DDX11L17
2,del,2541539,3301297,1,759.758,LOC100996583
3,del,3809806,5921915,1,2112.109,AJAP1
4,del,6741735,7720712,1,978.977,CAMTA1
5,del,12955943,14057042,1,1101.099,HNRNPCL3
6,del,14114100,15750734,1,1636.634,C1orf195
7,del,18024006,19165145,1,1141.139,ALDH4A1
8,del,29652623,31186154,1,1533.531,LINC01648
9,del,34331297,35221185,1,889.888,GJA4
10,del,36945909,37940902,1,994.993,C1orf109
11,del,38489451,39304264,1,814.813,AKIRIN1
12,del,42052010,42864821,1,812.811,C1orf50
13,del,47770723,51734682,1,3963.959,AGBL4
14,del,55625570,57156098,1,1530.528,C8B
15,del,57538481,60287226,1,2748.745,CYP2J2
16,del,60521461,62228165,1,1706.704,L1TD1
17,del,63129066,63861797,1,732.731,DLEU2L
18,del,64126062,65094028,1,967.966,CACHD1
19,del,65352287,65829763,1,477.476,DNAJC6
20,del,66103037,67091023,1,987.986,DNAI4
21,del,67896829,70477406,1,2580.577,CTH
22,del,70905835,75035960,1,4130.125,CRYZ
23,del,75230155,76193116,1,962.961,ACADM
24,del,76398322,78030952,1,1632.63,AK5
25,del,78578500,82402319,1,3823.819,ADGRL2
26,del,82457375,84944859,1,2487.484,DNASE2B
27,del,87109022,89225135,1,2116.113,GBP2
28,del,90493403,91358266,1,864.863,HFM1
29,del,91407316,91778686,1,371.37,CDC7
30,del,94697603,100132031,1,5434.428,AGL
31,del,101491390,103343239,1,1851.849,COL11A1
32,del,103492389,104112007,1,619.618,AMY1A
33,del,104123019,109143033,1,5020.014,AKNAD1
34,del,112330218,112990877,1,660.659,CAPZA1
35,del,113667554,114123008,1,455.454,AP4B1
36,del,115603488,116925808,1,1322.32,ATP1A1
37,del,117715598,118412293,1,696.695,GDAP2
38,del,118658540,119922802,1,1264.262,HAO2
39,del,120548428,144614469,1,24066.041,EMBP1
40,del,145772627,146493346,1,720.719,ANKRD35
41,del,146767621,147082935,1,315.314,LOC728989
42,del,147131985,148872723,1,1740.738,ACP6
43,del,149106958,149857707,1,750.749,FCGR1A
44,del,162829667,166809642,1,3979.975,ALDH9A1
45,del,168283115,169256086,1,972.971,DPT
46,del,170024855,170913742,1,888.887,GORAB
47,del,171766595,172410237,1,643.642,DNM3
48,del,172635463,173450276,1,814.813,FASLG
49,del,173962789,174972797,1,1010.008,RABGAP1L
50,del,175376201,176524347,1,1148.146,COP1
51,del,177030854,178408229,1,1377.375,ASTN1
52,del,180244064,180756575,1,512.511,LHX4
53,del,181024844,181679497,1,654.653,CACNA1E
54,del,181768587,182353170,1,584.583,CACNA1E
55,del,183947764,184662477,1,714.713,COLGALT2
56,del,185279094,185877691,1,598.597,HMCN1
57,del,186419233,196641444,1,10222.211,BRINP3
58,del,197412215,198665466,1,1253.251,ATP6V1G3
59,del,198725527,200375174,1,1649.647,LINC01221
60,del,208392184,209767557,1,1375.373,G0S2
61,del,210025816,211444232,1,1418.416,HHAT
62,del,213437224,214478263,1,1041.039,PROX1
63,del,214837623,215746530,1,908.907,KCNK2
64,del,216501285,220087867,1,3586.582,BPNT1
65,del,220491271,222695472,1,2204.201,C1orf115
66,del,223287064,223930706,1,643.642,CAPN2
67,del,224052829,224340115,1,287.286,DEGS1
68,del,224620396,226015789,1,1395.393,CNIH3
69,del,227336109,228284055,1,947.946,ARF1
70,del,228652424,229566336,1,913.912,ACTA1
71,del,229795566,230794563,1,998.997,AGT
72,del,231510279,232534301,1,1024.022,DISC1
73,del,232651419,234444209,1,1792.79,COA6
74,del,234609375,235275039,1,665.664,ARID4B
75,del,237061825,237659421,1,597.596,RYR2
76,del,238054817,241660418,1,3605.601,CHML
77,del,242053812,246671424,1,4617.612,ADSS2
79,del,3750747,8869860,2,5119.113,CMPK2
80,del,9029020,9458448,2,429.428,ASAP2
81,del,11965954,15415399,2,3449.445,LOC100506474
82,del,15771756,17691673,2,1919.917,GACAT3
83,del,17963946,20096075,2,2132.129,LINC00954
84,del,21266245,23976952,2,2710.707,ATAD2B
85,del,29551522,31457425,2,1905.903,CAPN13
86,del,31638607,32339306,2,700.699,DPY30
87,del,33827794,36667630,2,2839.836,CRIM1-DT
88,del,37600563,38790751,2,1190.188,ATL2
89,del,39584545,43754710,2,4170.165,C2orf91
90,del,44600556,46573526,2,1972.97,ATP6V1E2
91,del,48067019,48572523,2,505.504,FOXN2
92,del,48960912,53920866,2,4959.954,ASB3
93,del,54177123,54825770,2,648.647,ACYP2
94,del,55921866,60960899,2,5039.033,BCL11A
95,del,62116054,64069004,2,1952.95,B3GNT2
96,del,65562497,68351282,2,2788.785,C1D
97,del,71913842,73302228,2,1388.386,CCT7
98,del,75119044,85508422,2,10389.378,CAPG
99,del,87132045,88824735,2,1692.69,ANKRD36BP2
100,del,88895807,91758666,2,2862.859,LOC107985911
101,del,91944853,95480384,2,3535.531,BMS1P14
102,del,96080985,96678581,2,597.596,ARID5A
103,del,97757660,98253154,2,495.494,VWA3B
104,del,100211111,101540438,2,1329.327,CNOT11
105,del,101676575,102440337,2,763.762,IL18R1
106,del,103381278,108862753,2,5481.475,C2orf49
107,del,109548439,111395283,2,1846.844,ACOXL
108,del,111432321,112582469,2,1150.148,FBLN7
109,del,114004891,118571452,2,4566.561,DDX18
110,del,118866748,120002882,2,1136.134,C2orf76
111,del,120932812,127805677,2,6872.865,BIN1
112,del,128957829,130892761,2,1934.932,AMER3
113,del,131131000,131795663,2,664.663,C2orf27A
114,del,132385253,135616480,2,3231.227,ACMSD
115,del,136962826,145146000,2,8183.174,GTDC1
116,del,145188043,152106954,2,6918.911,ACVR2A
117,del,152586434,158113955,2,5527.521,ACVR1
118,del,158185027,159991831,2,1806.804,BAZ2B
119,del,161161000,162272109,2,1111.109,DPP4
120,del,162365203,162803640,2,438.437,KCNH7
121,del,163303140,165945779,2,2642.639,COBLL1
122,del,166247081,166532365,2,285.284,SCN7A
123,del,167305138,168095927,2,790.789,B3GALT1-AS1
124,del,168115948,169547377,2,1431.429,BBS5
125,del,172967795,173329155,2,361.36,MAP3K20
126,del,174233059,175162987,2,929.928,ATF2
127,del,175677502,178079901,2,2402.399,EVX2
128,del,179743564,182339156,2,2595.592,CERKL
129,del,182794612,183582398,2,787.786,DUSP19
130,del,184026843,187486298,2,3459.455,CALCRL
131,del,187714527,189848658,2,2134.131,ANKAR
132,del,189975786,190312121,2,336.335,C2orf88
133,del,192289097,196544347,2,4255.25,HECW2
134,del,198572374,201331129,2,2758.755,AOX3P-AOX2P
135,del,204361157,206561354,2,2200.197,EEF1B2
136,del,207657450,208985776,2,1328.326,CCNYL1
137,del,209359150,210542331,2,1183.181,CPS1
138,del,211543332,215796580,2,4253.248,ABCA12
139,del,216301085,216903686,2,602.601,IGFBP2
140,del,217367150,218668449,2,1301.299,AAMP
141,del,220507287,227659431,2,7152.144,ACSL3
142,del,228892664,230631400,2,1738.736,FBXO36
143,del,232459227,233193960,2,734.733,CHRND
144,del,234979745,238232994,2,3253.249,AGAP1
145,del,239356117,241398156,2,2042.039,ANKMY1
147,del,3217214,4668663,3,1451.449,ITPR1
148,del,5258253,8976967,3,3718.714,CAV3
149,del,11422411,12530517,3,1108.106,ATG7
150,del,15778763,16216199,3,437.436,ANKRD28
151,del,16647631,17051033,3,403.402,PLCL2
152,del,17085068,25610584,3,8525.516,EFHB
153,del,25836811,32482449,3,6645.638,AZI2
154,del,33654621,36756719,3,3102.098,ARPP21
155,del,39454415,40203162,3,748.747,MOBP
156,del,40574534,41937895,3,1363.361,CTNNB1
157,del,42957915,44395350,3,1437.435,ABHD5
158,del,50685635,51262210,3,576.575,CACNA2D3-AS1
159,del,53922869,56597540,3,2674.671,ATXN7
160,del,58641583,63964900,3,5323.317,ADAMTS9
161,del,64149085,64524459,3,375.374,ADAMTS9
162,del,64645581,66427360,3,1781.779,EOGT
163,del,66468402,69025956,3,2557.554,ARL13B
164,del,69247178,97595497,3,28348.319,DCBLD2
165,del,98544446,99509409,3,964.963,ABI3BP
166,del,100631531,100944843,3,313.312,ALCAM
167,del,101578477,108069961,3,6491.484,C3orf85
168,del,108823715,111602490,3,2778.775,DRD3
169,del,114070957,118864745,3,4793.788,HGD
170,del,120501381,121096975,3,595.594,CHCHD6
171,del,126753627,127292164,3,538.537,COL6A4P2
172,del,129390261,130278147,3,887.886,ASTE1
173,del,130749619,132046914,3,1297.295,ACAD11
174,del,132441309,133097964,3,656.655,AMOTL2
175,del,134347213,135719583,3,1372.37,MSL2
176,del,136088953,137741603,3,1652.65,CEP70
177,del,138478340,139061922,3,583.582,CLSTN2
178,del,139102964,141161019,3,2058.055,ATR
179,del,142567425,148545396,3,5977.971,ANKUB1
180,del,149261112,150873722,3,1612.61,AADACL2
181,del,151177026,153969815,3,2792.789,ARHGEF26
182,del,154147994,158363204,3,4215.21,GFM1
183,del,158547389,159706546,3,1159.157,B3GALNT1
184,del,160287127,164696531,3,4409.404,BCHE
185,del,164908744,169482312,3,4573.568,CLDN11
186,del,170221051,171963791,3,1742.74,ECT2
187,del,172547375,178915736,3,6368.361,DNAJC19
188,del,179606427,182537354,3,2930.927,BCL6
189,del,187009823,192972779,3,5962.956,ATP13A4-AS1
190,del,193385192,194060866,3,675.674,ATP13A3
191,del,194393199,195243047,3,849.848,FAM86EP
192,del,3527524,4190185,4,662.661,EVC2
193,del,4461457,5563557,4,1102.1,LINC02447
194,del,7067060,7713705,4,646.645,CLNK
195,del,8478470,13577563,4,5099.093,BST1
196,del,13617604,17488470,4,3870.866,LCORL
197,del,17847830,20481460,4,2633.63,CCDC149
198,del,20736716,25004979,4,4268.263,ARAP2
199,del,25849824,36066029,4,10216.205,ARAP2
200,del,36232196,37589551,4,1357.355,KLF3-AS1
201,del,38139101,38681642,4,542.541,APBB2
202,del,40441401,47404356,4,6962.955,CWH43
203,del,49053004,52859806,4,3806.802,CLOCK
204,del,52961909,55945889,4,2983.98,AASDH
205,del,56346290,56723666,4,377.376,ADGRL3
206,del,57899842,68372303,4,10472.461,AMTN
207,del,70362292,71019948,4,657.656,AFM
208,del,71702631,73922848,4,2220.217,ART3
209,del,74478404,76407330,4,1928.926,BMP2K
210,del,78088010,79101021,4,1013.011,ANTXR2
211,del,79860781,83276192,4,3415.411,CDS1
212,del,84526442,85524438,4,997.996,AFF1
213,del,85782697,87609521,4,1826.824,ADH1B
214,del,89712623,99959859,4,10247.236,BANK1
215,del,100544444,103487383,4,2942.939,AIMP1
216,del,104118014,110383272,4,6265.258,ALPK1
217,del,110932822,113277163,4,2344.341,ARSJ
218,del,113575462,114153038,4,577.576,C4orf3
219,del,114295181,119606486,4,5311.305,ADAD1
220,del,120316196,122589466,4,2273.27,ANKRD50
221,del,123378255,126237110,4,2858.855,ABHD18
222,del,126413287,128553424,4,2140.137,CLGN
223,del,129132003,141299157,4,12167.154,GAB1
224,del,141608467,144336191,4,2727.724,ABCE1
225,del,144477333,146016870,4,1539.537,EDNRA
226,del,146824678,148406257,4,1581.579,DCLK2
227,del,148605457,151725573,4,3120.116,ARFIP1
228,del,152096945,153690536,4,1593.591,LRAT
229,del,154710556,155154999,4,444.443,CTSO
230,del,155534379,156617460,4,1083.081,C4orf46
231,del,156864708,159493333,4,2628.625,APELA
232,del,159791632,160225064,4,433.432,CBR4
233,del,160280120,166198031,4,5917.911,AADAT
234,del,166419253,169097928,4,2678.675,AGA
235,del,169434265,177016839,4,7582.574,ACSL1
236,del,177146970,184165981,4,7019.011,ADAMTS16
237,del,184634450,185549363,4,914.913,LINC02123
238,del,186584398,186996809,4,412.411,ATPSCKMT
240,del,1502501,6599592,5,5097.091,CTNND2
241,del,6755749,7690682,5,934.933,BASP1
242,del,7900893,10227216,5,2326.323,LINC02160
243,del,10465455,13691677,5,3226.222,C1QTNF3-AMACR
244,del,14798784,31293261,5,16494.477,PRLR
245,del,32420388,33440406,5,1020.018,NIPBL
246,del,34044010,34795760,5,751.75,EGFLAM
247,del,35090055,35640604,5,550.549,LIFR
248,del,36272236,36952915,5,680.679,DAB2
249,del,37397360,38403364,5,1006.004,ANXA2R
250,del,38531493,38868829,5,337.336,FGF10
251,del,39395356,40680639,5,1285.283,FST
252,del,41204163,43121077,5,1916.914,DDX4
253,del,43704661,52157104,5,8452.443,C5orf64
254,del,52405353,54274219,5,1868.866,ADAMTS6
255,del,55490435,56152095,5,661.66,LINC02219
256,del,56235179,64746681,5,8511.502,AK6
257,del,65475410,66395328,5,919.918,GTF2H2
258,del,66493427,68396327,5,1902.9,LOC102503427
259,del,68810742,70751680,5,1940.938,ARHGEF28
260,del,70952882,71479407,5,526.525,ENC1
261,del,71757686,72794721,5,1037.035,ANKRD31
262,del,72876804,73929855,5,1053.051,AP3B1
263,del,74326252,74637562,5,311.31,ATG10
264,del,74894820,75857781,5,962.961,CCNH
265,del,76760684,78250171,5,1489.487,ADGRV1
266,del,80668588,82785702,5,2117.114,ELL2
267,del,82948866,89780690,5,6831.824,CAST
268,del,90160070,94726631,5,4566.561,CHD1
269,del,95256161,96057961,5,801.8,FBXL17
270,del,96519423,98191092,5,1671.669,CAMK4
271,del,98241143,102282179,5,4041.036,DCP2
272,del,102531429,110283172,5,7751.743,AP3S1
273,del,110463353,112089977,5,1626.624,CEP120
274,del,112929817,114461346,5,1531.529,ALDH7A1
275,del,115362247,118433314,5,3071.067,C5orf63
276,del,118971853,125800674,5,6828.821,ADAMTS19-AS1
277,del,125972847,126731604,5,758.757,CCNI2
278,del,126887761,127444316,5,556.555,C5orf24
279,del,127745618,130762631,5,3017.013,ARHGAP26
280,del,132569437,133292158,5,722.721,DPYSL3
281,del,134368234,136956819,5,2588.585,FBXO38
282,del,141524383,145376230,5,3851.847,CLMAT3
283,del,146087942,147443295,5,1355.353,CNOT8
284,del,147846699,148384235,5,537.536,C5orf52
285,del,151240089,153372218,5,2132.129,ATP10B
286,del,154397243,156346189,5,1948.946,MIR103A1
287,del,157244087,159655495,5,2411.408,C5orf58
288,del,160115956,167616448,5,7500.492,BNIP1
289,del,168251083,169014845,5,763.762,DBN1
290,del,169702533,171471299,5,1768.766,EXOC2
291,del,172591419,175716540,5,3125.121,LOC643327
292,del,177059883,177546368,5,486.485,CDYL
294,del,657657,2670667,6,2013.01,BLOC1S5
295,del,3299296,4031026,6,731.73,ADTRP
296,del,4136132,7181173,6,3045.041,EDN1
297,del,7606599,10398387,6,2791.788,ATXN1
298,del,11234223,12119106,6,884.883,CDKAL1
299,del,12166154,13160146,6,993.992,CARMIL1
300,del,13659646,17506488,6,3846.842,LINC00240
301,del,18465447,24402377,6,5936.93,LINC01623
302,del,24876852,25449423,6,572.571,BTBD9
303,del,26639613,27099071,6,459.458,DAAM2
304,del,28555527,28870841,6,315.314,CLIC5
305,del,37632595,38544505,6,911.91,ADGRF1
306,del,39331292,40995954,6,1664.662,C6orf141
307,del,44415371,46592545,6,2177.174,BMP5
308,del,46996950,47541493,6,544.543,GUSBP4
309,del,47847800,51483431,6,3635.631,EYS
310,del,53388335,56296239,6,2907.904,COL19A1
311,del,57076019,58773714,6,1697.695,DDX43
312,del,58779721,64389324,6,5609.603,COL12A1
313,del,64424360,70807736,6,6383.376,HMGN3
314,del,71319248,73695621,6,2376.373,BCKDHB
315,del,74534460,75795719,6,1261.259,DOP1A
316,del,76752676,79649569,6,2896.893,CEP162
317,del,79788709,80714633,6,925.924,C6orf163
318,del,80780700,83727643,6,2946.943,ANKRD6
319,del,83949866,86176089,6,2226.223,CCNC
320,del,86351265,87963875,6,1612.61,ASCC3
321,del,88392304,89768678,6,1376.374,AFG1L
322,del,90662572,99728628,6,9066.056,DSE
323,del,100010911,106966859,6,6955.948,DCBLD1
324,del,107114007,109689579,6,2575.572,BRD7P3
325,del,112538426,116263146,6,3724.72,FABP7
326,del,117253136,117586468,6,333.332,CENPW
327,del,117900783,119221101,6,1320.318,AKAP7
328,del,119347228,126071945,6,6724.717,AKAP7
329,del,126343217,129464334,6,3121.117,SLC18B1
330,del,129963834,131179047,6,1215.213,ALDH8A1
331,del,131278147,131893761,6,615.614,BCLAF1
332,del,132272140,132781648,6,509.508,ARFGEF3
333,del,133139006,135218082,6,2079.076,ADGRG6
334,del,135789654,136468331,6,678.677,ADAT2
335,del,137528391,139093954,6,1565.563,STX11
336,del,139270131,143073930,6,3803.799,EPM2A
337,del,143096954,143653509,6,556.555,GINM1
338,del,144185041,144742597,6,557.556,IYD
339,del,145173028,146120974,6,947.946,ESR1
340,del,146277131,149698548,6,3421.417,CNKSR3
341,del,150388238,151106955,6,718.717,ARID1B
342,del,151939788,152415262,6,475.474,SERAC1
343,del,152861709,155107952,6,2246.243,ACAT2
344,del,155777622,157469311,6,1691.689,CAHM
345,del,157745588,158288129,6,542.541,C6orf120
346,del,159689530,160102942,6,413.412,ELFN1-AS1
347,del,161588427,167342174,6,5753.747,CARD11
348,del,168480312,170032862,6,1552.55,AP5Z1
350,del,1609608,2252249,7,642.641,COL28A1
351,del,2987985,3989985,7,1002,ABCB5
352,del,4286282,4779774,7,493.492,FAM126A
353,del,6864858,7397389,7,532.531,MPP6
354,del,7680673,21468446,7,13787.773,CBX3
355,del,21956935,23163139,7,1206.204,HOTAIRM1
356,del,23830807,24680655,7,849.848,CHN2
357,del,25268243,26217190,7,948.947,BBS9
358,del,26252226,27133105,7,880.879,AOAH
359,del,27239212,29914884,7,2675.672,C7orf25
360,del,31147116,36320283,7,5173.167,ADCY1
361,del,36492456,38246207,7,1753.751,CDC14C
362,del,38870832,43476432,7,4605.6,COBL
363,del,45149104,47831783,7,2682.679,ASL
364,del,48452404,50443392,7,1990.988,AUTS2
365,del,50695645,55209153,7,4513.508,TYW1B
366,del,56373317,66236169,7,9862.852,CLIP2
367,del,66490424,72267194,7,5776.77,DTX2
368,del,72421349,72656583,7,235.234,APTR
369,del,74134060,75043968,7,909.908,LOC101927378
370,del,76154078,76824747,7,670.669,ADAM22
371,del,77424347,82537454,7,5113.107,CDK14
372,del,82596514,86393306,7,3796.792,CDK6
373,del,87913826,89788698,7,1874.872,BET1
374,del,90042953,91620528,7,1577.575,CASD1
375,del,92165073,92729636,7,564.563,ASB4
376,del,93117024,94023929,7,906.905,BHLHA15
377,del,94294200,94875780,7,581.58,CLDN15
378,del,95226131,97765667,7,2539.536,CUX1
379,del,97949852,98445346,7,495.494,DNAJC2
380,del,100962862,101739637,7,776.775,ATXN7L1
381,del,102117015,102453350,7,336.335,C7orf66
382,del,103342239,104701596,7,1359.357,CFTR
383,del,105224119,106507400,7,1283.281,CADPS2
384,del,107880773,116338221,7,8457.448,ASB15
385,del,117451334,121607485,7,4156.151,CEP41
386,del,121774653,123091968,7,1317.315,AKR1B1
387,del,123350227,127221093,7,3870.866,AKR1D1
388,del,130370240,131813681,7,1443.441,BRAF
389,del,131913782,134812677,7,2898.895,CASP2
390,del,135434299,138188049,7,2753.75,ARHGEF34P
391,del,140535395,141292150,7,756.755,ACTR3C
392,del,143176033,143631487,7,455.454,ACTR3B
393,del,143840697,148426277,7,4585.58,DNAJB6
394,del,149590441,150026876,7,436.435,ANGPT2
395,del,152144993,156742585,7,4597.592,LINCR-0001
396,del,157179022,158414255,7,1235.233,CTSB
398,del,2093091,10382371,8,8289.28,ASAH1
399,del,10481471,11152140,8,670.669,ENTPD4
400,del,11857846,17052034,8,5194.188,ADAMDEC1
401,del,17947930,21765743,8,3817.813,ADRA1A
402,del,23308285,24151126,8,842.841,DUSP4
403,del,24366342,25153127,8,786.785,DUSP26
404,del,25366341,27254226,8,1887.885,ADAM18
405,del,29049020,30401370,8,1352.35,CEBPD
406,del,31079048,37594556,8,6515.508,ATP6V1H
407,del,38961923,41354312,8,2392.389,CHCHD7
408,del,43174131,48612563,8,5438.432,FAM110B
409,del,48889841,55532476,8,6642.635,ASPH
410,del,55543488,56662605,8,1119.117,ARFGEF1
411,del,57081024,59329269,8,2248.245,C8orf34
412,del,59556497,61653591,8,2097.094,LINC01603
413,del,61852791,67341273,8,5488.482,C8orf89
414,del,68215147,68929860,8,714.713,CALB1
415,del,69058990,70475404,8,1416.414,CDH17
416,del,71088017,87385297,8,16297.28,ERICH5
417,del,87683596,90920829,8,3237.233,FBXO43
418,del,91096005,94737642,8,3641.637,AZIN1
419,del,95953858,98698599,8,2744.741,LRP12
420,del,99235136,100479378,8,1244.242,ANGPT1
421,del,101734633,103220116,8,1485.483,CCN3
422,del,104455351,105360254,8,904.903,ANXA13
423,del,105521416,110254143,8,4732.727,ASAP1
424,del,110592482,120428307,8,9835.825,CCN4
425,del,121561440,123962838,8,2401.398,FAM135B
426,del,126114989,130759628,8,4644.639,AGO2
427,del,131201070,133621487,8,2420.417,ARC
428,del,134488354,139601461,8,5113.107,DMRT1
429,del,139856717,141523381,8,1666.664,SMARCA2
430,del,142507365,143821677,8,1314.312,GLIS3
431,del,145163018,145532386,8,369.368,DMAC1
432,del,745745,2032029,9,1286.284,LINC01235
433,del,2193191,2634631,9,441.44,ADAMTSL1
434,del,2876874,4543538,9,1666.664,FOCAD
435,del,6849843,8317308,9,1467.465,CAAP1
436,del,8529521,14719704,9,6190.183,ACO1
437,del,15746731,18927908,9,3181.177,ANKRD18A
438,del,19521502,20714693,9,1193.191,GDA
439,del,21482461,26841814,9,5359.353,CARNMT1
440,del,27611584,32405372,9,4793.788,CEP78
441,del,37888851,71394322,9,33505.471,TLE4
442,del,72092020,72722649,9,630.629,C9orf64
443,del,73256183,74299224,9,1043.041,AGTPBP1
444,del,74366292,77244166,9,2877.874,CDK20
445,del,77762685,78771692,9,1009.007,C9orf47
446,del,79329250,79814734,9,485.484,AUH
447,del,80049970,84603518,9,4553.548,AOPEP
448,del,84704620,86243156,9,1538.536,ANP32B
449,del,86618532,88190101,9,1571.569,TBC1D2
450,del,88968880,90252161,9,1283.281,FKTN
451,del,90805715,91929837,9,1124.122,ACTL7A
452,del,92065974,94793698,9,2727.724,ECPAS
453,del,96440344,98208109,9,1767.765,HSDL2
454,del,98249151,98642543,9,393.392,RGS3
455,del,101993892,102588485,9,594.593,BRINP1
456,del,103349246,104070966,9,721.72,GOLGA1
457,del,104450346,107266158,9,2815.812,LMX1B
458,del,107651544,108096988,9,445.444,C9orf16
459,del,108523415,109684574,9,1161.159,CACNA1B
460,del,109933824,111616504,9,1682.68,DIP2C-AS1
461,del,112226114,112897784,9,671.67,ADARB2-AS1
462,del,113563450,114088974,9,525.524,AKR1C2
463,del,117853736,123151027,9,5297.291,ITIH5
464,del,124118995,124905780,9,786.785,CELF2
465,del,126221095,127073946,9,852.851,CAMK1D
466,del,128125998,129594464,9,1468.466,FAM107B
467,del,137810673,138376237,9,565.564,FAM171A1
469,del,469469,857856,10,388.387,CACNB2
470,del,1176175,3141137,10,1964.962,ARHGAP21
471,del,3213210,5004999,10,1791.789,ENKUR
472,del,6557551,7604596,10,1047.045,ARMC4
473,del,7866859,11961949,10,4095.09,JCAD
474,del,12293281,13146132,10,852.851,ARHGAP12
475,del,13838825,14860845,10,1022.02,BMS1
476,del,15263248,16793776,10,1530.528,ALOX5
477,del,17279262,21803781,10,4524.519,AGAP13P
478,del,22056034,24761736,10,2705.702,ANK3
479,del,24924900,26355328,10,1430.428,ANXA2P3
480,del,27703676,29746716,10,2043.04,CCAR1
481,del,29844815,30314283,10,469.468,ADK
482,del,31140109,38107068,10,6966.959,LRMDA
483,del,38408370,43013970,10,4605.6,DLG5-AS1
484,del,44142098,45422376,10,1280.278,ANXA11
485,del,46283237,50666615,10,4383.378,CCSER2
486,del,50981931,61801739,10,10819.808,AGAP11
487,del,61973912,64905840,10,2931.928,ACTA2
488,del,64982918,69509439,10,4526.521,BTAF1
489,del,74105031,74618543,10,513.512,BLOC1S2
490,del,75898823,76719642,10,820.819,BORCS7
491,del,76995919,79490410,10,2494.491,ADD3
492,del,79800721,80960879,10,1160.158,CASP7
493,del,81374293,81651569,10,277.276,ABLIM1
494,del,82281199,85900814,10,3619.615,CASC2
495,del,86152066,88197108,10,2045.042,PRLHR
496,del,88836748,90332241,10,1495.493,DENND10
497,del,91534443,93566472,10,2032.029,ACADSB
498,del,100250150,101117015,10,866.865,ADAM12
499,del,102825723,103281177,10,455.454,AS-PTPRE
500,del,106215109,111624512,10,5409.403,ADAM8
501,del,112771659,113912798,10,1141.139,AMPD3
502,del,114208094,115312196,10,1104.102,GALNT18
503,del,116735619,118196077,10,1460.458,ARNTL
504,del,118467349,118956837,10,489.488,CALCA
505,del,119049931,120794673,10,1744.742,MIR4486
506,del,121693572,123657533,10,1963.961,ANO3
507,del,124931807,127408280,10,2476.473,BBOX1
508,del,127807680,129844714,10,2037.034,COMMD9
509,del,129924795,133929795,10,4005,API5
511,del,10065055,10477466,11,412.411,CD82
512,del,10829819,11912900,11,1083.081,FOLH1
513,del,12380368,14478463,11,2098.095,LINC02735
514,del,14542528,16759742,11,2217.214,ANO1
515,del,19262243,19852832,11,590.589,CTTN
516,del,20700680,26552525,11,5851.845,LOC101928896
517,del,26743717,32607574,11,5863.857,ANKRD42
518,del,35516481,36421384,11,904.903,CCDC81
519,del,36681645,43339295,11,6657.65,FAT3
520,del,44298254,45826780,11,1528.526,CWC15
521,del,48511463,55031976,11,6520.513,ARHGAP42
522,del,56511455,57067009,11,555.554,DYNC2H1
523,del,68855787,70118047,11,1262.26,ALKBH8
524,del,70349279,71145073,11,795.794,ARHGAP20
525,del,78444366,82515432,11,4071.066,BCO2
526,del,82991909,85342256,11,2350.347,CADM1
527,del,86220134,92494401,11,6274.267,MIR100
528,del,92715623,93454360,11,738.737,CLMP
529,del,94926832,95504408,11,577.576,DCPS
530,del,95599504,101761659,11,6162.155,ARHGAP32
531,del,103159056,104814709,11,1655.653,ADAMTS8
532,del,105010906,107916808,11,2905.902,ADIPOR2
533,del,108594486,111365253,11,2770.767,CACNA1C
534,del,112140028,113072959,11,932.931,ANO2
535,del,114466352,116618501,11,2152.149,CLEC2D
536,del,121501380,122646523,11,1145.143,ATF7IP
537,del,122968846,123464340,11,495.494,PTPRO
538,del,126319193,128637508,11,2318.315,AEBP2
539,del,128868740,129721591,11,852.851,BCAT1
540,del,130344214,133992858,11,3648.644,ITPR2
542,del,1043042,1862860,12,819.818,CCDC91
543,del,2078076,2566563,12,488.487,CAPRIN2
544,del,5023018,6055048,12,1032.03,BICD1
545,del,9361352,9747737,12,386.385,ALG10
546,del,13257244,14576561,12,1319.317,LINC02471
547,del,15104089,15636620,12,532.531,CNTN1
548,del,15836821,20765744,12,4928.923,ANO6
549,del,22090068,25231205,12,3141.137,AMIGO2
550,del,25381356,26539512,12,1158.156,LINC02388
551,del,27951924,29445415,12,1493.491,C12orf56
552,del,29674645,30782751,12,1108.106,GRIP1
553,del,32146114,32734701,12,588.587,CAND1
554,del,33033000,39694654,12,6661.654,IFNG-AS1
555,del,39764725,40618577,12,853.852,BEST3
556,del,40761721,42680637,12,1918.916,CNOT2
557,del,42866824,46204157,12,3337.333,LGR5
558,del,46358312,48057008,12,1698.696,ACSS3
559,del,58379321,62774711,12,4395.39,ATP2B1
560,del,62986924,64802737,12,1815.813,CCER1
561,del,65142077,66500433,12,1358.356,CEP83
562,del,66935869,67675607,12,739.738,MIR331
563,del,67707640,68618549,12,910.909,ANKS1B
564,del,69280211,69961891,12,681.68,ACTR6
565,del,70210140,70703632,12,493.492,C12orf42
566,del,71096025,71897825,12,801.8,CASC18
567,del,72426354,88373284,12,15946.93,BTBD11
568,del,88589501,89859769,12,1270.268,CMKLR1
569,del,90049960,93100006,12,3050.046,MED13L
570,del,93286193,94533438,12,1247.245,FBXO21
571,del,94985891,95396300,12,410.409,PEBP1
572,del,96423327,98920821,12,2497.494,CIT
573,del,99146047,100430329,12,1284.282,FZD10-AS1
574,del,102592490,103980876,12,1388.386,ADGRD1
575,del,105612507,106409302,12,796.795,CHFR
576,del,107399292,108002894,12,603.602,C1QTNF9B
577,del,108170062,108909800,12,739.738,ATP8A2
578,del,113876763,116398281,12,2521.518,ALOX5AP
579,del,116461345,117382264,12,920.919,EEF1DP3
580,del,117769652,118456337,12,686.685,ALG5
581,del,118693575,119908788,12,1215.213,FREM2-AS1
582,del,125627502,130826695,12,5199.193,COG6
583,del,130941811,132195062,12,1253.251,CCDC122
584,del,132637505,133195061,12,557.556,CYSLTR2
586,del,21751730,23897873,13,2146.143,CAB39L
587,del,25914889,28577548,13,2662.659,ALG11
588,del,29298269,31195163,13,1896.894,BORA
589,del,31904873,32652619,13,747.746,COMMD6
590,del,33717684,37511473,13,3793.789,BTF3P11
591,del,37679642,39261221,13,1581.579,ABCC4
592,del,39622583,41322280,13,1699.697,FARP1
593,del,42893851,45514468,13,2620.617,BIVM
594,del,47470423,48827778,13,1357.355,ARGLU1
595,del,49097048,49683633,13,586.585,ADPRHL1
596,del,50595545,52292239,13,1696.694,AP4S1
597,del,53049997,73292218,13,20242.221,ARHGAP5
598,del,73373300,75811735,13,2438.435,FBXO33
599,del,76445369,77554476,13,1109.107,FANCM
600,del,78234156,96204107,13,17969.951,DNAAF2
601,del,96676580,98634535,13,1957.955,FRMD6
602,del,100215115,103256152,13,3041.037,BMP4
603,del,103528425,110802691,13,7274.266,AP5M1
604,del,111605494,113438324,13,1832.83,CCDC175
606,del,25104079,31050018,14,5945.939,HIF1A
607,del,31858827,35181145,14,3322.318,ESR2
608,del,36351315,39501461,14,3150.146,CCDC196
609,del,39871832,45329283,14,5457.451,ACTN1
610,del,45716671,50043993,14,4327.322,RGS6
611,del,51492441,52432379,14,939.938,DCAF4
612,del,53560507,55168112,14,1607.605,ANGEL1
613,del,56151095,58597538,14,2446.443,CEP128
614,del,59114055,60573512,14,1459.457,FLRT2
615,del,60759699,61908846,14,1149.147,CALM1
616,del,62262200,64406341,14,2144.141,DICER1
617,del,65561496,67576508,14,2015.012,AK7
618,del,68302234,69255185,14,952.951,BCL11B
619,del,71577506,72053981,14,476.475,DIO3OS
620,del,72206134,73404330,14,1198.196,ADSS1
621,del,76668592,77235157,14,566.565,LINC00226
622,del,78400322,81244162,14,2843.84,GOLGA6L2
623,del,81994913,88400311,14,6405.398,GABRA5
624,del,89213124,90724633,14,1511.509,APBA2
625,del,95112017,95556460,14,444.443,ARHGAP11B
626,del,96181085,96702605,14,521.52,ARHGAP11A
627,del,97031935,99864764,14,2832.829,AQR
628,del,101533432,102322219,14,788.787,C15orf54
629,del,104493389,105166060,14,672.671,CTDSPL2
630,del,106137031,106538431,14,401.4,CTXN2
632,del,23063040,25206180,15,2143.14,CCPG1
633,del,25621596,28195166,15,2573.57,CGNL1
634,del,28526498,29992962,15,1466.464,ADAM10
635,del,30066036,31083051,15,1017.015,ANXA2
636,del,31370339,33830796,15,2460.457,LINC02349
637,del,34667633,35044008,15,376.375,MIR190A
638,del,35276241,39873833,15,4597.592,AAGAB
639,del,44217173,44775730,15,558.557,LARP6
640,del,45983938,48412363,15,2428.425,NR2E3
641,del,52906854,55473417,15,2566.563,MIR12135
642,del,56396340,57522464,15,1126.124,PEAK1
643,del,58007950,58829770,15,821.82,ACSBG1
644,del,59974915,60639578,15,664.663,ARNT2
645,del,60807747,62146083,15,1338.336,ADAMTS7P1
646,del,62328266,62938875,15,610.609,ADAMTSL3
647,del,66857791,67456388,15,598.597,AKAP13
648,del,69748679,70948877,15,1200.198,ABHD2
649,del,71212141,72019947,15,807.806,C15orf32
650,del,73067995,73528454,15,460.459,FAM169B
651,del,76647571,77227149,15,579.578,ALDH1A3
652,del,77474397,78186107,15,711.71,ABAT
653,del,79383304,80742661,15,1359.357,ATF7IP2
654,del,81666585,83214130,15,1547.545,CPPED1
655,del,83937854,85146060,15,1208.206,LOC100288162
656,del,85681596,86062976,15,381.38,BMERB1
657,del,86315229,89379289,15,3064.06,ARL6IP1
658,del,91579488,93467373,15,1887.885,GP2
659,del,93610517,99434334,15,5823.817,HS3ST2
660,del,99926827,101425323,15,1498.496,LINC02194
661,del,5146141,8718709,16,3572.568,HS3ST4
662,del,9025016,10523512,16,1498.496,CLN3
663,del,12163151,14012998,16,1849.847,BOLA2
664,del,14766752,14945930,16,179.178,AHSP
665,del,15187172,15674658,16,487.486,CCNYL3
666,del,16303287,18793774,16,2490.487,ITFG1
667,del,19747728,20322301,16,574.573,C16orf78
668,del,22361339,23079055,16,717.716,CASC22
669,del,23769746,24551526,16,781.78,CRNDE
670,del,25269244,27221193,16,1951.949,AMFR
671,del,27790763,28488459,16,697.696,CDH11
672,del,29001973,29674644,16,672.671,LINC01572
673,del,31512481,33365331,16,1852.85,LINC01568
674,del,33662629,35286250,16,1623.621,ADAMTS18
675,del,47197150,48117068,16,919.918,CDH13
676,del,48596548,50091040,16,1494.492,C16orf74
677,del,51177126,53189135,16,2012.009,BANP
678,del,53730677,55513457,16,1782.78,DERL2
679,del,55909854,56362305,16,452.451,NTN1
680,del,58758700,66412345,16,7653.645,MAGOH2P
681,del,72206134,72820747,16,614.613,DNAH9
682,del,72994922,74330255,16,1335.333,ARHGAP44
683,del,75690615,81029948,16,5339.333,GRAP
684,del,82133051,83939855,16,1806.804,FLJ36000
685,del,85146061,87364276,16,2218.215,ASIC2
686,del,87970883,88594505,16,623.622,TMEM132E
688,del,5463458,6328321,17,864.863,CCL3
689,del,8815807,9488478,17,672.671,ADAM11
690,del,10632622,11510498,17,877.876,ABCC3
691,del,11896885,12617604,17,720.719,HLF
692,del,12921909,15440424,17,2518.515,CLTC
693,del,18927909,19186166,17,258.257,BCAS3
694,del,21330309,25620594,17,4290.285,ACE
695,del,31108077,33254220,17,2146.143,ABCA10
696,del,34434400,34841806,17,407.406,LINC01152
697,del,36105069,36452415,17,347.346,ACOX1
698,del,44365321,44787742,17,422.421,LOC400622
699,del,49375326,54891836,17,5516.51,ADCYAP1
700,del,55198143,55916860,17,718.717,AKAIN1
701,del,58767709,59667607,17,899.898,LAMA1
702,del,60837777,61391329,17,553.552,GNAL
703,del,63224161,64682617,17,1458.456,ANKRD30B
704,del,67315248,71165093,17,3849.845,ANKRD29
705,del,71434363,72199126,17,764.763,B4GALT6
706,del,75213138,76044968,17,831.83,CCDC178
707,del,77083006,77704626,17,621.62,C18orf21
709,del,757757,2538535,18,1780.778,ATP5F1A
710,del,3278275,6858851,18,3580.576,C18orf32
711,del,7051044,9117107,18,2066.063,LINC01415
712,del,9595586,11850838,18,2255.252,ATP8B1
713,del,13153140,19110090,18,5956.95,BCL2
714,del,19445426,20813792,18,1368.366,CCDC102B
715,del,22058036,28573544,18,6515.508,CBLN2
716,del,29868839,32821788,18,2952.949,ZNF430
717,del,32954922,33688654,18,733.732,C19orf12
718,del,34416382,43204160,18,8787.778,CHST8
719,del,44664620,47007960,18,2343.34,LINC01433
720,del,48704656,55217161,18,6512.505,CASC20
721,del,55399344,55982926,18,583.582,ANKEF1
722,del,57137080,59887827,18,2750.747,BTBD3
723,del,60036977,60984923,18,947.946,FLRT3
724,del,61655594,67670602,18,6015.008,DTD1
725,del,67873806,72166093,18,4292.287,KIZ
726,del,72353281,74560485,18,2207.204,CST1
728,del,20370350,21116094,19,745.744,FAM182B
729,del,22380358,32842809,19,10462.451,ADIG
730,del,33704671,34684649,19,979.978,EMILIN3
731,del,3929926,4764759,20,834.833,ELMO2
732,del,6196190,9317307,20,3121.117,ADNP
733,del,9562553,10273262,20,710.709,LINC01441
734,del,10654644,13694680,20,3040.036,AURKA
735,del,13869856,17409391,20,3539.535,C20orf85
736,del,18541523,19944924,20,1403.401,ATP5F1E
737,del,20621601,21306284,20,684.683,ABCC13
738,del,21370349,24929904,20,3559.555,KRTAP19-1
739,del,25667642,29872842,20,4205.2,C21orf62
740,del,37667630,39703663,20,2036.033,FAM243B
741,del,40163123,42086043,20,1922.92,CBR1
742,del,46319273,47243195,20,923.922,B3GALT5
743,del,50409359,54822767,20,4413.408,ABCG1
744,del,55112057,55902846,20,790.789,DGCR5
745,del,56192136,57470412,20,1278.276,DGCR6L
746,del,57899842,58317258,20,417.416,CCDC116
747,del,58588530,60419358,20,1830.828,BCR
749,del,11187176,30248217,21,19061.041,CRYBB2P1
750,del,30465435,31653621,21,1188.186,CCDC117
751,del,32639607,33866832,21,1227.225,HMGXB4
752,del,34167133,34613578,21,446.445,ARHGAP8
753,del,35515480,37387349,21,1871.869,BRD1
754,del,38613575,40542501,21,1928.926,
755,del,40883843,42597554,21,1713.711,
757,del,18656638,19026006,22,369.368,
758,del,20133113,20717696,22,584.583,
759,del,21426405,21964942,22,538.537,
760,del,22330308,23400376,22,1070.068,
761,del,25335310,26043016,22,707.706,
762,del,27042015,29083053,22,2041.038,
763,del,32937905,35657621,22,2719.716,
764,del,44697653,45563517,22,865.864,
765,del,47117070,50151100,22,3034.03,
